{
  "الم": 0.010077383046078086,
  "ةال": 0.006630320084417869,
  "نال": 0.005979599015124868,
  "الأ": 0.0051178332747098135,
  "الت": 0.004713330988392543,
  "يال": 0.0040098487513190294,
  "وال": 0.00392191347168484,
  "مال": 0.00342947590573338,
  "الا": 0.0034118888498065425,
  "بال": 0.0032887794583186776,
  "اال": 0.003112908899050299,
  "على": 0.002989799507562434,
  "تال": 0.002884277172001407,
  "لال": 0.002866690116074569,
  "الع": 0.002444600773830461,
  "رال": 0.002409426661976785,
  "هال": 0.0023918396060499474,
  "ىال": 0.0023742525501231093,
  "منا": 0.002198381990854731,
  "اتا": 0.002198381990854731,
  "هذا": 0.0021632078790010554,
  "كان": 0.0020928596552937037,
  "أنت": 0.002075272599366866,
  "ذلك": 0.0020576855434400283,
  "يةا": 0.00204009848751319,
  "الح": 0.001969750263805839,
  "الق": 0.001969750263805839,
  "فيا": 0.0019521632078790012,
  "إلى": 0.0019345761519521632,
  "الس": 0.0018994020400984876,
  "الن": 0.0018642279282448117,
  "دال": 0.0018642279282448117,
  "لىا": 0.001829053816391136,
  "الل": 0.0018114667604642984,
  "الد": 0.0017938797045374604,
  "أنا": 0.0017411185367569469,
  "الإ": 0.0016883573689764333,
  "عال": 0.0016883573689764333,
  "الذ": 0.0016707703130495956,
  "الو": 0.0016707703130495956,
  "لات": 0.0016355962011959197,
  "قال": 0.0016355962011959197,
  "الج": 0.001618009145269082,
  "الب": 0.0015652479774885685,
  "لمت": 0.0015652479774885685,
  "ينا": 0.0015476609215617305,
  "هنا": 0.0015300738656348928,
  "لأم": 0.001494899753781217,
  "كال": 0.0014773126978543793,
  "الف": 0.0014773126978543793,
  "لذي": 0.0014421385860007034,
  "الي": 0.0014421385860007034,
  "اما": 0.0014421385860007034,
  "الك": 0.0014245515300738657,
  "علي": 0.0014245515300738657,
  "ةفي": 0.0014245515300738657,
  "انا": 0.0013893774182201898,
  "نها": 0.0013717903622933521,
  "انت": 0.0013542033063665142,
  "لأن": 0.0013366162504396765,
  "اني": 0.0013014421385860006,
  "لما": 0.0013014421385860006,
  "است": 0.001283855082659163,
  "لكن": 0.001266268026732325,
  "هذه": 0.001248680970805487,
  "يها": 0.0012310939148786493,
  "مات": 0.0012135068589518114,
  "الش": 0.0011959198030249737,
  "لكا": 0.0011959198030249737,
  "تحد": 0.0011959198030249737,
  "دول": 0.0011959198030249737,
  "ذاا": 0.0011783327470981358,
  "ولا": 0.0011783327470981358,
  "ماي": 0.0011607456911712978,
  "أنه": 0.0011255715793176222,
  "كون": 0.0011079845233907843,
  "لقد": 0.0011079845233907843,
  "تعل": 0.0010903974674639466,
  "هاا": 0.0010903974674639466,
  "ارا": 0.0010903974674639466,
  "عام": 0.0010903974674639466,
  "يرا": 0.0010903974674639466,
  "لمن": 0.0010728104115371086,
  "يةو": 0.0010728104115371086,
  "لعا": 0.0010728104115371086,
  "لتي": 0.0010728104115371086,
  "لدو": 0.001055223355610271,
  "عمل": 0.001037636299683433,
  "لاي": 0.001037636299683433,
  "فعل": 0.001020049243756595,
  "ذها": 0.0010024621878297574,
  "لمس": 0.0010024621878297574,
  "لها": 0.0010024621878297574,
  "اذا": 0.0009848751319029194,
  "افي": 0.0009848751319029194,
  "دما": 0.0009672880759760816,
  "لدي": 0.0009672880759760816,
  "يما": 0.0009672880759760816,
  "رات": 0.0009672880759760816,
  "الط": 0.0009497010200492438,
  "الر": 0.0009497010200492438,
  "لمي": 0.0009321139641224059,
  "تقد": 0.0009321139641224059,
  "اءا": 0.0009321139641224059,
  "ليه": 0.000914526908195568,
  "ناك": 0.0008969398522687302,
  "ءال": 0.0008969398522687302,
  "ولي": 0.0008969398522687302,
  "ةوا": 0.0008793527963418924,
  "سال": 0.0008793527963418924,
  "ماذ": 0.0008617657404150545,
  "لية": 0.0008617657404150545,
  "حال": 0.0008617657404150545,
  "موا": 0.0008617657404150545,
  "مكن": 0.0008441786844882167,
  "فيم": 0.0008441786844882167,
  "مية": 0.0008441786844882167,
  "يمك": 0.0008265916285613788,
  "الص": 0.000809004572634541,
  "غير": 0.000809004572634541,
  "الخ": 0.000809004572634541,
  "مما": 0.000809004572634541,
  "لقا": 0.0007914175167077031,
  "يةل": 0.0007914175167077031,
  "لوا": 0.0007738304607808653,
  "لمو": 0.0007738304607808653,
  "ملا": 0.0007738304607808653,
  "لسا": 0.0007738304607808653,
  "مكا": 0.0007738304607808653,
  "نفي": 0.0007738304607808653,
  "إنه": 0.0007738304607808653,
  "نية": 0.0007738304607808653,
  "اتف": 0.0007562434048540274,
  "تما": 0.0007562434048540274,
  "يلا": 0.0007562434048540274,
  "لمر": 0.0007562434048540274,
  "امل": 0.0007562434048540274,
  "لجن": 0.0007562434048540274,
  "وما": 0.0007562434048540274,
  "200": 0.0007562434048540274,
  "ليس": 0.0007386563489271896,
  "اعل": 0.0007386563489271896,
  "معا": 0.0007386563489271896,
  "اري": 0.0007386563489271896,
  "الآ": 0.0007210692930003517,
  "لام": 0.0007210692930003517,
  "دين": 0.0007210692930003517,
  "ساع": 0.0007210692930003517,
  "أني": 0.0007210692930003517,
  "لمع": 0.0007210692930003517,
  "اأن": 0.0007210692930003517,
  "لنا": 0.0007210692930003517,
  "نوا": 0.0007210692930003517,
  "حدة": 0.0007210692930003517,
  "دان": 0.0007210692930003517,
  "مرا": 0.0007210692930003517,
  "حسن": 0.0007034822370735139,
  "فال": 0.0007034822370735139,
  "فيه": 0.0007034822370735139,
  "ةلل": 0.0007034822370735139,
  "لاأ": 0.0006858951811466761,
  "لتع": 0.0006858951811466761,
  "نأن": 0.0006858951811466761,
  "سنا": 0.0006858951811466761,
  "ناأ": 0.0006858951811466761,
  "تها": 0.0006858951811466761,
  "ونا": 0.0006858951811466761,
  "رةا": 0.0006858951811466761,
  "لان": 0.0006858951811466761,
  "بأن": 0.0006683081252198382,
  "اعد": 0.0006683081252198382,
  "مسا": 0.0006683081252198382,
  "يدا": 0.0006683081252198382,
  "يأن": 0.0006683081252198382,
  "ديد": 0.0006683081252198382,
  "علم": 0.0006507210692930003,
  "قدم": 0.0006507210692930003,
  "رية": 0.0006507210692930003,
  "ترا": 0.0006331340133661625,
  "أمر": 0.0006331340133661625,
  "الث": 0.0006331340133661625,
  "ناس": 0.0006331340133661625,
  "يات": 0.0006331340133661625,
  "متح": 0.0006331340133661625,
  "رار": 0.0006331340133661625,
  "نيا": 0.0006155469574393247,
  "نام": 0.0006155469574393247,
  "حدث": 0.0006155469574393247,
  "كلم": 0.0006155469574393247,
  "ليا": 0.0006155469574393247,
  "يان": 0.0006155469574393247,
  "لإن": 0.0006155469574393247,
  "عنا": 0.0006155469574393247,
  "امن": 0.0006155469574393247,
  "نتم": 0.0006155469574393247,
  "نظر": 0.0006155469574393247,
  "انو": 0.0006155469574393247,
  "لاس": 0.0006155469574393247,
  "ليو": 0.0006155469574393247,
  "اله": 0.0006155469574393247,
  "لعل": 0.0006155469574393247,
  "لسي": 0.0006155469574393247,
  "رها": 0.0006155469574393247,
  "ريد": 0.0005979599015124869,
  "لةا": 0.0005979599015124869,
  "نهذ": 0.0005979599015124869,
  "وأن": 0.0005979599015124869,
  "لمح": 0.0005979599015124869,
  "ـــ": 0.0005979599015124869,
  "ضال": 0.0005979599015124869,
  "كنت": 0.0005803728455856489,
  "كأن": 0.0005803728455856489,
  "أنأ": 0.0005803728455856489,
  "لله": 0.0005803728455856489,
  "مان": 0.0005803728455856489,
  "هام": 0.0005803728455856489,
  "اول": 0.0005803728455856489,
  "لمج": 0.0005803728455856489,
  "كلا": 0.0005627857896588111,
  "يار": 0.0005627857896588111,
  "بها": 0.0005627857896588111,
  "مست": 0.0005627857896588111,
  "سيا": 0.0005627857896588111,
  "جال": 0.0005627857896588111,
  "مبا": 0.0005627857896588111,
  "دأن": 0.0005627857896588111,
  "يوم": 0.0005627857896588111,
  "قرا": 0.0005627857896588111,
  "دةا": 0.0005627857896588111,
  "اية": 0.0005627857896588111,
  "لآن": 0.0005451987337319733,
  "لكل": 0.0005451987337319733,
  "بما": 0.0005451987337319733,
  "ادي": 0.0005451987337319733,
  "هما": 0.0005451987337319733,
  "إذا": 0.0005451987337319733,
  "نعم": 0.0005451987337319733,
  "سيد": 0.0005451987337319733,
  "ةمن": 0.0005451987337319733,
  "أنن": 0.0005451987337319733,
  "متع": 0.0005451987337319733,
  "يكو": 0.0005451987337319733,
  "لتح": 0.0005451987337319733,
  "بين": 0.0005451987337319733,
  "لتن": 0.0005451987337319733,
  "لأس": 0.0005276116778051355,
  "رين": 0.0005276116778051355,
  "شيء": 0.0005276116778051355,
  "نتت": 0.0005276116778051355,
  "مين": 0.0005276116778051355,
  "مام": 0.0005276116778051355,