{
  "ите": 0.004947495961227787,
  "ата": 0.0045688610662358645,
  "тов": 0.004240710823909532,
  "ова": 0.004164983844911147,
  "как": 0.003988287560581583,
  "ада": 0.0032310177705977385,
  "ето": 0.0032057754442649435,
  "ена": 0.0031805331179321486,
  "ана": 0.0031805331179321486,
  "ака": 0.0030290791599353797,
  "акв": 0.00297859450726979,
  "пре": 0.00297859450726979,
  "ане": 0.00297859450726979,
  "апр": 0.002852382875605816,
  "рав": 0.0027766558966074314,
  "ато": 0.0027514135702746364,
  "ави": 0.002726171243941842,
  "ото": 0.002675686591276252,
  "кво": 0.0025999596122778675,
  "ени": 0.0025999596122778675,
  "ост": 0.0025999596122778675,
  "зна": 0.002524232633279483,
  "аза": 0.002498990306946688,
  "има": 0.0024232633279483036,
  "при": 0.0023980210016155087,
  "еда": 0.002347536348949919,
  "пра": 0.002347536348949919,
  "нап": 0.0022213247172859453,
  "апо": 0.0021708400646203553,
  "ина": 0.0021708400646203553,
  "ене": 0.0021455977382875604,
  "ава": 0.002120355411954766,
  "про": 0.002095113085621971,
  "асе": 0.002069870759289176,
  "ред": 0.0020193861066235864,
  "тан": 0.0020193861066235864,
  "ста": 0.0019941437802907915,
  "ине": 0.001968901453957997,
  "ете": 0.001968901453957997,
  "тел": 0.001943659127625202,
  "ако": 0.001943659127625202,
  "ика": 0.001918416801292407,
  "ани": 0.001918416801292407,
  "нат": 0.001918416801292407,
  "оже": 0.0018931744749596123,
  "али": 0.0018931744749596123,
  "дас": 0.0018931744749596123,
  "ест": 0.0018679321486268175,
  "раз": 0.0018679321486268175,
  "епр": 0.0018679321486268175,
  "лед": 0.0018426898222940226,
  "обр": 0.0018174474959612278,
  "ате": 0.0018174474959612278,
  "ска": 0.0017922051696284329,
  "кат": 0.0017922051696284329,
  "мен": 0.0017669628432956381,
  "доб": 0.0017417205169628434,
  "иск": 0.0017417205169628434,
  "ори": 0.0017417205169628434,
  "вам": 0.0017417205169628434,
  "она": 0.0017417205169628434,
  "нес": 0.0017164781906300484,
  "аси": 0.0017164781906300484,
  "еза": 0.0016912358642972537,
  "мож": 0.0016659935379644587,
  "ира": 0.001640751211631664,
  "так": 0.001640751211631664,
  "ове": 0.001640751211631664,
  "епо": 0.001640751211631664,
  "ват": 0.001640751211631664,
  "ога": 0.0016155088852988692,
  "ами": 0.0016155088852988692,
  "каз": 0.0015902665589660743,
  "исл": 0.0015902665589660743,
  "ито": 0.0015650242326332795,
  "оне": 0.0015650242326332795,
  "аме": 0.0015397819063004846,
  "ван": 0.0015397819063004846,
  "есе": 0.0015145395799676898,
  "ека": 0.001489297253634895,
  "иза": 0.001489297253634895,
  "мис": 0.001489297253634895,
  "едн": 0.001489297253634895,
  "еме": 0.001489297253634895,
  "ние": 0.001489297253634895,
  "ода": 0.0014640549273021001,
  "ств": 0.0014388126009693054,
  "ели": 0.0014135702746365104,
  "яма": 0.0014135702746365104,
  "кой": 0.0014135702746365104,
  "сто": 0.0014135702746365104,
  "нет": 0.0013883279483037157,
  "под": 0.0013883279483037157,
  "съм": 0.0013883279483037157,
  "сле": 0.0013883279483037157,
  "ида": 0.0013883279483037157,
  "тон": 0.0013883279483037157,
  "бва": 0.001337843295638126,
  "ока": 0.001337843295638126,
  "вад": 0.001337843295638126,
  "ого": 0.001337843295638126,
  "ряб": 0.0013126009693053312,
  "амо": 0.0013126009693053312,
  "ера": 0.0012873586429725363,
  "ече": 0.0012873586429725363,
  "ням": 0.0012873586429725363,
  "ово": 0.0012873586429725363,
  "или": 0.0012873586429725363,
  "тен": 0.0012873586429725363,
  "тря": 0.0012621163166397415,
  "ябв": 0.0012621163166397415,
  "ара": 0.0012621163166397415,
  "ява": 0.0012621163166397415,
  "сич": 0.0012621163166397415,
  "нам": 0.0012621163166397415,
  "ист": 0.0012621163166397415,
  "нал": 0.0012621163166397415,
  "сти": 0.0012368739903069468,
  "рат": 0.0012368739903069468,
  "ичк": 0.0012368739903069468,
  "нит": 0.0012368739903069468,
  "дап": 0.0012116316639741518,
  "вси": 0.0012116316639741518,
  "нае": 0.0012116316639741518,
  "ият": 0.0012116316639741518,
  "гов": 0.0012116316639741518,
  "ния": 0.0012116316639741518,
  "вор": 0.001186389337641357,
  "тат": 0.001186389337641357,
  "вър": 0.001186389337641357,
  "нот": 0.001186389337641357,
  "аго": 0.001186389337641357,
  "защ": 0.001186389337641357,
  "нен": 0.001186389337641357,
  "дан": 0.001186389337641357,
  "едо": 0.0011611470113085621,
  "ник": 0.0011611470113085621,
  "емо": 0.0011611470113085621,
  "нос": 0.0011611470113085621,
  "аст": 0.0011611470113085621,
  "тос": 0.0011611470113085621,
  "ипр": 0.0011611470113085621,
  "ати": 0.0011359046849757674,
  "иси": 0.0011359046849757674,
  "нем": 0.0011359046849757674,
  "ран": 0.0011359046849757674,
  "нас": 0.0011359046849757674,
  "еди": 0.0011359046849757674,
  "лен": 0.0011106623586429726,
  "еми": 0.0011106623586429726,
  "там": 0.0011106623586429726,
  "още": 0.0011106623586429726,
  "жда": 0.0011106623586429726,
  "нов": 0.0011106623586429726,
  "бре": 0.0011106623586429726,
  "ипо": 0.0011106623586429726,
  "еот": 0.0011106623586429726,
  "стр": 0.0011106623586429726,
  "тав": 0.0010854200323101777,
  "еси": 0.0010854200323101777,
  "вид": 0.0010854200323101777,
  "лис": 0.0010854200323101777,
  "лко": 0.0010854200323101777,
  "ъде": 0.001060177705977383,
  "сте": 0.001060177705977383,
  "ащо": 0.001060177705977383,
  "пол": 0.001060177705977383,
  "зат": 0.001034935379644588,
  "тес": 0.001034935379644588,
  "пос": 0.001034935379644588,
  "вот": 0.001034935379644588,
  "ети": 0.001034935379644588,
  "исе": 0.001034935379644588,
  "лит": 0.0010096930533117932,
  "вае": 0.0010096930533117932,
  "нач": 0.0010096930533117932,
  "его": 0.0010096930533117932,
  "чен": 0.0010096930533117932,
  "лаг": 0.0009844507269789985,
  "зап": 0.0009844507269789985,
  "ано": 0.0009844507269789985,
  "аот": 0.0009844507269789985,
  "вас": 0.0009844507269789985,
  "вин": 0.0009844507269789985,
  "око": 0.0009844507269789985,
  "кон": 0.0009844507269789985,
  "тво": 0.0009592084006462035,
  "ено": 0.0009592084006462035,
  "год": 0.0009592084006462035,
  "еше": 0.0009592084006462035,
  "иот": 0.0009592084006462035,
  "мам": 0.0009592084006462035,
  "одо": 0.0009592084006462035,
  "тин": 0.0009592084006462035,
  "аче": 0.0009592084006462035,
  "тас": 0.0009592084006462035,
  "ико": 0.0009339660743134088,
  "пом": 0.0009339660743134088,
  "ята": 0.0009339660743134088,
  "опр": 0.0009339660743134088,
  "ита": 0.0009339660743134088,
  "оми": 0.0009339660743134088,
  "нещ": 0.0009339660743134088,
  "есъ": 0.0009339660743134088,
  "омо": 0.0009339660743134088,
  "оли": 0.0009087237479806139,
  "ког": 0.0009087237479806139,
  "няк": 0.0009087237479806139,
  "ота": 0.0009087237479806139,
  "рем": 0.0009087237479806139,
  "ваш": 0.0008834814216478191,
  "зад": 0.0008834814216478191,
  "ден": 0.0008834814216478191,
  "каж": 0.0008834814216478191,
  "сео": 0.0008834814216478191,
  "оти": 0.0008834814216478191,
  "той": 0.0008834814216478191,
  "еиз": 0.0008834814216478191,
  "ман": 0.0008834814216478191,
  "ама": 0.0008834814216478191,
  "дар": 0.0008582390953150242,
  "осе": 0.0008582390953150242,
  "дат": 0.0008582390953150242,
  "тет": 0.0008582390953150242,
  "дин": 0.0008582390953150242,
  "мал": 0.0008582390953150242,
  "нар": 0.0008582390953150242,
  "пок": 0.0008582390953150242,
  "аре": 0.0008582390953150242,
  "тра": 0.0008582390953150242,
  "гра": 0.0008329967689822294,
  "ета": 0.0008329967689822294,
  "гле": 0.0008329967689822294,
  "рек": 0.0008329967689822294,
  "мог": 0.0008329967689822294,
  "мин": 0.0008329967689822294,
  "иде": 0.0008329967689822294,
  "оди": 0.0008329967689822294,
  "ган": 0.0008329967689822294,
  "дав": 0.0008077544426494346,
  "оза": 0.0008077544426494346,
  "адо": 0.0008077544426494346,
  "еви": 0.0008077544426494346,
  "чет": 0.0008077544426494346,
  "яко": 0.0008077544426494346,
  "кои": 0.0008077544426494346,
  "кам": 0.0008077544426494346,
  "ари": 0.0008077544426494346,
  "тва": 0.0008077544426494346,
  "имо": 0.0008077544426494346,
  "нан": 0.0008077544426494346,