{
  "তদর": 0.006558040099381753,
  "নকর": 0.006168024498757728,
  "মদর": 0.005864679031605709,
  "রপর": 0.005561333564453689,
  "ললহ": 0.005084647830357659,
  "আলল": 0.0049113075634136475,
  "করত": 0.004896862541168313,
  "আমর": 0.0046801872074883,
  "করন": 0.0046368521407522964,
  "পরত": 0.004405731784826949,
  "দরক": 0.003957936095221586,
  "তমদ": 0.0037845958282775754,
  "রজন": 0.0036545906280695674,
  "তমর": 0.003640145605824233,
  "তপর": 0.003423470272144219,
  "জনয": 0.003423470272144219,
  "রতর": 0.0032067949384642054,
  "করছ": 0.003149014849482868,
  "ণকর": 0.002961229560293523,
  "নতর": 0.0029467845380481885,
  "রকর": 0.0027878892933495118,
  "পরব": 0.0024989888484428266,
  "তকর": 0.0024412087594614896,
  "রতম": 0.002354538625989484,
  "দরপ": 0.002253423470272144,
  "করব": 0.0022245334257814755,
  "রকছ": 0.0021667533368001386,
  "রআম": 0.0021667533368001386,
  "বরত": 0.0021378632923094703,
  "আপন": 0.0020945282255734675,
  "আরত": 0.0020945282255734675,
  "আমদ": 0.001978968047610793,
  "তরপ": 0.001964523025365459,
  "মধয": 0.0019500780031201249,
  "রমধ": 0.0019211879586294564,
  "রণক": 0.001906742936384122,
  "রতদ": 0.0018922979141387877,
  "তরক": 0.0018634078696481192,
  "লহর": 0.0018200728029121164,
  "নতম": 0.001791182758421448,
  "করহ": 0.0017767377361761138,
  "রদর": 0.0017622927139307795,
  "পরক": 0.0017189576471947766,
  "নআর": 0.0016756225804587738,
  "করআ": 0.0016611775582134397,
  "খনত": 0.0016467325359681053,
  "রসম": 0.0016467325359681053,
  "বতর": 0.0016322875137227712,
  "দরজ": 0.0016322875137227712,
  "রআল": 0.0015889524469867684,
  "যখন": 0.001574507424741434,
  "রতন": 0.0015600624024961,
  "রবন": 0.001516727335760097,
  "রউপ": 0.001516727335760097,
  "নসন": 0.0015022823135147627,
  "রঅন": 0.0015022823135147627,
  "সকর": 0.0014878372912694286,
  "রবর": 0.0014589472467787601,
  "দরম": 0.0014589472467787601,
  "রবল": 0.0014589472467787601,
  "মপর": 0.0014156121800427573,
  "পরদ": 0.0014156121800427573,
  "নআম": 0.001401167157797423,
  "আরআ": 0.001401167157797423,
  "তখন": 0.001343387068816086,
  "তরব": 0.001343387068816086,
  "সনদ": 0.001343387068816086,
  "হয়ছ": 0.001343387068816086,
  "মরপ": 0.001343387068816086,
  "সমপ": 0.0013289420465707517,
  "নতন": 0.0013144970243254175,
  "দরস": 0.0013144970243254175,
  "অবশ": 0.0013144970243254175,
  "সতর": 0.0013000520020800832,
  "তরত": 0.0013000520020800832,
  "রনত": 0.001285606979834749,
  "তরস": 0.0012711619575894147,
  "উপর": 0.0012567169353440804,
  "এবত": 0.0012567169353440804,
  "বলল": 0.0012422719130987462,
  "বশব": 0.0012422719130987462,
  "নতদ": 0.0012278268908534119,
  "করদ": 0.0012133818686080777,
  "নদহ": 0.0011989368463627434,
  "দরশ": 0.0011989368463627434,
  "মরক": 0.0011989368463627434,
  "আরয": 0.001184491824117409,
  "পনর": 0.001170046801872075,
  "নদর": 0.001170046801872075,
  "রশন": 0.0011556017796267406,
  "একট": 0.0011556017796267406,
  "করয": 0.0011411567573814064,
  "শবস": 0.0011411567573814064,
  "রছল": 0.0011411567573814064,
  "রআর": 0.001126711735136072,
  "রসথ": 0.001126711735136072,
  "রকষ": 0.0010978216906454036,
  "ততর": 0.0010978216906454036,
  "করর": 0.0010833766684000693,
  "যকর": 0.0010833766684000693,
  "দরব": 0.0010689316461547351,
  "লনক": 0.0010689316461547351,
  "কনত": 0.0010689316461547351,
  "অতপ": 0.0010544866239094008,
  "যপর": 0.0010544866239094008,
  "নএব": 0.0010544866239094008,
  "তনত": 0.0010544866239094008,
  "লকর": 0.0010544866239094008,
  "মরত": 0.0010400416016640667,
  "রয়ছ": 0.0010255965794187323,
  "বআম": 0.0010255965794187323,
  "রতপ": 0.0010255965794187323,
  "রবশ": 0.001011151557173398,
  "পরস": 0.001011151557173398,
  "রতয": 0.0009967065349280638,
  "রতক": 0.0009967065349280638,
  "অনয": 0.0009967065349280638,
  "পনক": 0.0009967065349280638,
  "নশচ": 0.0009967065349280638,
  "রকন": 0.0009822615126827295,
  "ছলম": 0.0009822615126827295,
  "বশয": 0.0009678164904373953,
  "রযর": 0.0009678164904373953,
  "দনক": 0.0009678164904373953,
  "পলন": 0.0009678164904373953,
  "ককর": 0.000953371468192061,
  "রহব": 0.0009389264459467268,
  "তহয়": 0.0009389264459467268,
  "আমক": 0.0009389264459467268,
  "দয়ছ": 0.0009244814237013925,
  "করক": 0.0009244814237013925,
  "লহত": 0.0009244814237013925,
  "গরহ": 0.0009100364014560582,
  "শকর": 0.0009100364014560582,
  "য়কর": 0.0009100364014560582,
  "তরয": 0.0009100364014560582,
  "করম": 0.0009100364014560582,
  "দরঅ": 0.0009100364014560582,
  "রযখ": 0.000895591379210724,
  "ররস": 0.000895591379210724,
  "হচছ": 0.000895591379210724,
  "মতর": 0.000895591379210724,
  "রদয়": 0.0008811463569653897,
  "টকর": 0.0008811463569653897,
  "রতব": 0.0008811463569653897,
  "পরয": 0.0008522563124747212,
  "রসত": 0.0008522563124747212,
  "করল": 0.0008522563124747212,
  "রসল": 0.0008378112902293869,
  "তরআ": 0.0008378112902293869,
  "কপর": 0.0008378112902293869,
  "ততম": 0.0008378112902293869,
  "রপল": 0.0008378112902293869,
  "মনক": 0.0008378112902293869,
  "বসত": 0.0008233662679840527,
  "রছন": 0.0008233662679840527,
  "য়ছল": 0.0008233662679840527,
  "লআম": 0.0008089212457387184,
  "করএ": 0.0008089212457387184,
  "মরআ": 0.0008089212457387184,
  "অথব": 0.0008089212457387184,
  "রযদ": 0.0007944762234933842,
  "শসত": 0.0007944762234933842,
  "তমন": 0.0007944762234933842,
  "করস": 0.0007944762234933842,
  "সমর": 0.0007944762234933842,
  "হরক": 0.0007944762234933842,
  "ধকর": 0.00078003120124805,
  "রযক": 0.00078003120124805,
  "শচয়": 0.00078003120124805,
  "বতম": 0.00078003120124805,
  "রনআ": 0.0007655861790027157,
  "যনত": 0.0007655861790027157,
  "রপক": 0.0007655861790027157,
  "কতম": 0.0007655861790027157,
  "আমত": 0.0007655861790027157,
  "রনর": 0.0007511411567573814,
  "যতর": 0.0007511411567573814,
  "যতত": 0.0007511411567573814,
  "কআম": 0.0007366961345120471,
  "রবয": 0.0007366961345120471,
  "বযব": 0.0007366961345120471,
  "নতত": 0.0007366961345120471,
  "নযত": 0.0007366961345120471,
  "বনধ": 0.0007366961345120471,
  "কবল": 0.0007366961345120471,
  "বসক": 0.0007222511122667129,
  "রএক": 0.0007222511122667129,
  "রতত": 0.0007222511122667129,
  "ননত": 0.0007222511122667129,
  "পকর": 0.0007222511122667129,
  "থকব": 0.0007078060900213786,
  "রএব": 0.0007078060900213786,
  "নপর": 0.0007078060900213786,
  "নবন": 0.0007078060900213786,
  "নবল": 0.0006933610677760444,
  "নযর": 0.0006933610677760444,
  "মকর": 0.0006933610677760444,
  "শযই": 0.0006933610677760444,
  "রকত": 0.0006933610677760444,
  "রঅব": 0.0006933610677760444,
  "ছআর": 0.0006789160455307101,
  "দরউ": 0.0006789160455307101,
  "ষটক": 0.0006789160455307101,
  "রপত": 0.0006789160455307101,
  "তরজ": 0.0006789160455307101,
  "রথক": 0.0006789160455307101,
  "নকন": 0.0006644710232853758,
  "পরশ": 0.0006644710232853758,
  "ছতর": 0.0006644710232853758,
  "নরপ": 0.0006644710232853758,
  "জনন": 0.0006644710232853758,
  "নযআ": 0.0006644710232853758,
  "তরদ": 0.0006644710232853758,
  "উপস": 0.0006644710232853758,
  "নযক": 0.0006644710232853758,
  "রধর": 0.0006644710232853758,
  "লপর": 0.0006644710232853758,
  "তএব": 0.0006500260010400416,
  "যআম": 0.0006500260010400416,
  "পরপ": 0.0006500260010400416,
  "যদত": 0.0006500260010400416,
  "রবত": 0.0006500260010400416,
  "কমন": 0.0006500260010400416,
  "পরর": 0.0006355809787947073,
  "নতক": 0.0006355809787947073,
  "কষম": 0.0006355809787947073,
  "রহয়": 0.0006355809787947073,
  "সষট": 0.0006355809787947073,
  "পরআ": 0.0006355809787947073,
  "নযদ": 0.0006355809787947073,
  "নরব": 0.0006355809787947073,
  "তরণ": 0.0006355809787947073,
  "অনত": 0.0006355809787947073,
  "রকক": 0.0006355809787947073,
  "ললন": 0.0006211359565493731,
  "এবআ": 0.0006211359565493731,
  "তমক": 0.0006211359565493731,
  "তআম": 0.0006211359565493731,
  "পকষ": 0.0006211359565493731,
  "পরন": 0.0006211359565493731,
  "রনক": 0.0006211359565493731,
  "তরম": 0.0006211359565493731,
  "রপথ": 0.0006211359565493731,
  "কতর": 0.0006211359565493731,
  "বসথ": 0.0006066909343040389,
  "যকত": 0.0006066909343040389,
  "সরব": 0.0006066909343040389,
  "ইচছ": 0.0005922459120587045,
  "নরদ": 0.0005922459120587045,
  "বযর": 0.0005922459120587045,