{
  "det": 0.008688046647230321,
  "nde": 0.0068999028182701655,
  "der": 0.006880466472303207,
  "for": 0.006802721088435374,
  "ere": 0.0059086491739552965,
  "ing": 0.005694849368318756,
  "kke": 0.005578231292517007,
  "jeg": 0.0055393586005830905,
  "ter": 0.005267249757045675,
  "den": 0.004917395529640428,
  "ikk": 0.004528668610301263,
  "ede": 0.0045092322643343055,
  "erd": 0.0044703595724003885,
  "rde": 0.0044703595724003885,
  "end": 0.004412050534499514,
  "til": 0.0041788143828960156,
  "lle": 0.0035374149659863946,
  "ger": 0.003517978620019436,
  "nge": 0.00347910592808552,
  "nin": 0.0034596695821185615,
  "lig": 0.0033236151603498543,
  "els": 0.0032458697764820212,
  "eri": 0.003109815354713314,
  "gen": 0.003012633624878523,
  "med": 0.00293488824101069,
  "lse": 0.0029154518950437317,
  "ete": 0.0027210884353741495,
  "and": 0.0027016520894071914,
  "ord": 0.0026822157434402334,
  "ren": 0.002662779397473275,
  "ind": 0.002643343051506317,
  "ste": 0.0026044703595724003,
  "ige": 0.0025850340136054422,
  "mme": 0.0025461613216715257,
  "ens": 0.002468415937803693,
  "ler": 0.002468415937803693,
  "ers": 0.0024489795918367346,
  "rer": 0.0023517978620019434,
  "har": 0.0023323615160349854,
  "ent": 0.0022546161321671527,
  "ver": 0.0022351797862001943,
  "ske": 0.002196307094266278,
  "men": 0.002196307094266278,
  "erh": 0.0021768707482993197,
  "ret": 0.002137998056365403,
  "ern": 0.002118561710398445,
  "del": 0.002099125364431487,
  "ene": 0.002099125364431487,
  "ion": 0.0019630709426627794,
  "ner": 0.0019630709426627794,
  "eti": 0.001943634596695821,
  "kom": 0.001943634596695821,
  "ero": 0.0019047619047619048,
  "vis": 0.0019047619047619048,
  "ker": 0.0018853255587949465,
  "hva": 0.0018853255587949465,
  "tte": 0.0018853255587949465,
  "dig": 0.0018464528668610302,
  "vad": 0.0018464528668610302,
  "øre": 0.001827016520894072,
  "mer": 0.001827016520894072,
  "ska": 0.0018075801749271136,
  "han": 0.0017687074829931973,
  "res": 0.001749271137026239,
  "rti": 0.001749271137026239,
  "rdu": 0.001749271137026239,
  "ide": 0.0017298347910592808,
  "rne": 0.0017298347910592808,
  "get": 0.0017298347910592808,
  "ets": 0.0017298347910592808,
  "som": 0.0017298347910592808,
  "ved": 0.0017103984450923227,
  "vor": 0.0016909620991253644,
  "var": 0.0016715257531584062,
  "omm": 0.0016715257531584062,
  "eme": 0.001652089407191448,
  "are": 0.001652089407191448,
  "nne": 0.0016326530612244899,
  "tde": 0.0016326530612244899,
  "age": 0.0016326530612244899,
  "rin": 0.0016132167152575316,
  "est": 0.0016132167152575316,
  "igt": 0.0015937803692905733,
  "rik": 0.0015937803692905733,
  "vil": 0.0015743440233236153,
  "dde": 0.001554907677356657,
  "erf": 0.001554907677356657,
  "ell": 0.001554907677356657,
  "mig": 0.0015354713313896987,
  "ang": 0.0015354713313896987,
  "ert": 0.0015354713313896987,
  "ser": 0.0015354713313896987,
  "kel": 0.0014965986394557824,
  "kan": 0.0014577259475218659,
  "enn": 0.0014382896015549076,
  "hvo": 0.0014382896015549076,
  "lde": 0.0014188532555879495,
  "isk": 0.0013994169096209913,
  "art": 0.0013994169096209913,
  "vær": 0.001379980563654033,
  "und": 0.001379980563654033,
  "eta": 0.0013605442176870747,
  "era": 0.0013605442176870747,
  "efo": 0.0013605442176870747,
  "ten": 0.0013411078717201167,
  "red": 0.0013216715257531584,
  "lev": 0.0013216715257531584,
  "gør": 0.0013022351797862001,
  "rfo": 0.0013022351797862001,
  "rog": 0.0013022351797862001,
  "ore": 0.0012827988338192419,
  "nte": 0.0012827988338192419,
  "nog": 0.0012827988338192419,
  "erm": 0.0012633624878522838,
  "sen": 0.0012633624878522838,
  "rje": 0.0012633624878522838,
  "eth": 0.0012633624878522838,
  "one": 0.0012439261418853256,
  "kal": 0.0012439261418853256,
  "eli": 0.0012244897959183673,
  "ære": 0.0012244897959183673,
  "tik": 0.0012244897959183673,
  "min": 0.0012050534499514092,
  "gde": 0.0012050534499514092,
  "ken": 0.0012050534499514092,
  "ade": 0.0012050534499514092,
  "ill": 0.0012050534499514092,
  "ege": 0.0012050534499514092,
  "tat": 0.001185617103984451,
  "tet": 0.001185617103984451,
  "erb": 0.001185617103984451,
  "etf": 0.001185617103984451,
  "des": 0.0011661807580174927,
  "rat": 0.0011661807580174927,
  "ngs": 0.0011661807580174927,
  "nen": 0.0011661807580174927,
  "ive": 0.0011661807580174927,
  "her": 0.0011661807580174927,
  "ans": 0.0011661807580174927,
  "rdi": 0.0011467444120505344,
  "enh": 0.0011467444120505344,
  "lem": 0.0011273080660835764,
  "sta": 0.001107871720116618,
  "sti": 0.001107871720116618,
  "ort": 0.001107871720116618,
  "ven": 0.001107871720116618,
  "enf": 0.001107871720116618,
  "ors": 0.001107871720116618,
  "tal": 0.0010884353741496598,
  "sam": 0.0010884353741496598,
  "eaf": 0.0010884353741496598,
  "gti": 0.0010884353741496598,
  "eno": 0.0010884353741496598,
  "ror": 0.0010689990281827016,
  "åde": 0.0010495626822157435,
  "før": 0.0010495626822157435,
  "rel": 0.0010495626822157435,
  "oge": 0.0010495626822157435,
  "erv": 0.0010301263362487852,
  "rbe": 0.0010301263362487852,
  "fra": 0.0010301263362487852,
  "hed": 0.0010301263362487852,
  "ett": 0.0010301263362487852,
  "rli": 0.0010301263362487852,
  "pro": 0.001010689990281827,
  "ati": 0.001010689990281827,
  "ena": 0.001010689990281827,
  "tid": 0.001010689990281827,
  "tra": 0.001010689990281827,
  "dle": 0.001010689990281827,
  "eve": 0.001010689990281827,
  "rke": 0.001010689990281827,
  "ove": 0.0009912536443148687,
  "nes": 0.0009912536443148687,
  "dem": 0.0009912536443148687,
  "tio": 0.0009912536443148687,
  "alt": 0.0009912536443148687,
  "erj": 0.0009912536443148687,
  "erk": 0.0009912536443148687,
  "edd": 0.0009912536443148687,
  "edi": 0.0009912536443148687,
  "man": 0.0009912536443148687,
  "bet": 0.0009912536443148687,
  "eni": 0.0009912536443148687,
  "tfo": 0.0009718172983479105,
  "ebe": 0.0009718172983479105,
  "hen": 0.0009718172983479105,
  "ogs": 0.0009718172983479105,
  "lin": 0.0009523809523809524,
  "esk": 0.0009523809523809524,
  "ale": 0.0009523809523809524,
  "dni": 0.0009523809523809524,
  "afd": 0.0009523809523809524,
  "iss": 0.0009523809523809524,
  "een": 0.0009523809523809524,
  "igh": 0.0009523809523809524,
  "etv": 0.0009523809523809524,
  "tje": 0.0009523809523809524,
  "ble": 0.0009329446064139942,
  "etd": 0.0009329446064139942,
  "tni": 0.0009329446064139942,
  "raf": 0.000913508260447036,
  "bar": 0.000913508260447036,
  "old": 0.0008940719144800778,
  "tem": 0.0008940719144800778,
  "hvi": 0.0008940719144800778,
  "gvi": 0.0008940719144800778,
  "ded": 0.0008746355685131195,
  "lad": 0.0008746355685131195,
  "sio": 0.0008746355685131195,
  "eje": 0.0008746355685131195,
  "rmi": 0.0008551992225461614,
  "eds": 0.0008551992225461614,
  "200": 0.0008551992225461614,
  "ked": 0.0008551992225461614,
  "ine": 0.0008357628765792031,
  "nst": 0.0008357628765792031,
  "kon": 0.0008357628765792031,
  "rdn": 0.0008357628765792031,
  "lag": 0.0008357628765792031,
  "ehv": 0.0008357628765792031,
  "rha": 0.0008357628765792031,
  "les": 0.0008357628765792031,
  "evi": 0.0008357628765792031,
  "tig": 0.0008163265306122449,
  "rte": 0.0008163265306122449,
  "sig": 0.0008163265306122449,
  "kti": 0.0008163265306122449,
  "egh": 0.0008163265306122449,
  "rhe": 0.0008163265306122449,
  "len": 0.0008163265306122449,
  "ned": 0.0007968901846452867,
  "rhv": 0.0007968901846452867,
  "mis": 0.0007968901846452867,
  "all": 0.0007968901846452867,
  "emi": 0.0007968901846452867,
  "ila": 0.0007968901846452867,
  "ist": 0.0007968901846452867,
  "edu": 0.0007968901846452867,
  "hol": 0.0007774538386783285,
  "fte": 0.0007774538386783285,
  "oro": 0.0007774538386783285,
  "dre": 0.0007774538386783285,
  "ted": 0.0007774538386783285,
  "ate": 0.0007774538386783285,
  "bes": 0.0007580174927113702,
  "rst": 0.0007580174927113702,
  "sse": 0.0007580174927113702,
  "din": 0.0007580174927113702,
  "nfo": 0.0007580174927113702,
  "ssi": 0.0007580174927113702,