{
  "ich": 0.011428162769076737,
  "ein": 0.00903954802259887,
  "sch": 0.007108631910176643,
  "der": 0.006851176428520346,
  "che": 0.005778445254952442,
  "nde": 0.005721232925695487,
  "die": 0.00546377744403919,
  "den": 0.005263534291639848,
  "cht": 0.005163412715440178,
  "ine": 0.004677107916756061,
  "und": 0.004677107916756061,
  "end": 0.004548380175927912,
  "ten": 0.0041908031180719445,
  "gen": 0.0041765000357577055,
  "ung": 0.004062075377243796,
  "ens": 0.004004863047986841,
  "nge": 0.0036329829078166347,
  "ere": 0.003604376743188157,
  "ver": 0.0034470428377315313,
  "hen": 0.003404133590788815,
  "sie": 0.003261102767646428,
  "ist": 0.0032038904383894728,
  "ste": 0.0031752842737609956,
  "ers": 0.003146678109132518,
  "das": 0.0031323750268182795,
  "nic": 0.003103768862189802,
  "nen": 0.003089465779875563,
  "ter": 0.003003647285990131,
  "ind": 0.002932131874418937,
  "rde": 0.0027891010512765503,
  "ber": 0.0026603733104484015,
  "ach": 0.0025459486519344918,
  "eit": 0.002531645569620253,
  "eni": 0.0025173424873060147,
  "ren": 0.0025173424873060147,
  "mit": 0.0025030394049917757,
  "ent": 0.002474433240363298,
  "ene": 0.0023743116641636274,
  "abe": 0.0023600085818493884,
  "ier": 0.0023314024172209112,
  "and": 0.0023170993349066723,
  "erd": 0.0022455839233354786,
  "ben": 0.00223128084102124,
  "nsi": 0.0022169777587070015,
  "rei": 0.0021740685117642854,
  "ern": 0.0021597654294500464,
  "auf": 0.0021597654294500464,
  "wir": 0.002145462347135808,
  "nun": 0.002145462347135808,
  "lic": 0.002131159264821569,
  "aus": 0.0021168561825073303,
  "ena": 0.0020882500178788527,
  "ndi": 0.002016734606307659,
  "enw": 0.001988128441679182,
  "ese": 0.001988128441679182,
  "men": 0.001973825359364943,
  "ner": 0.0019595222770507044,
  "ert": 0.0019595222770507044,
  "ede": 0.001930916112422227,
  "ies": 0.0019166130301079883,
  "sse": 0.0018880068654795108,
  "est": 0.0018737037831652722,
  "ges": 0.0018450976185367947,
  "ion": 0.0018450976185367947,
  "nei": 0.001830794536222556,
  "ass": 0.001830794536222556,
  "cha": 0.001830794536222556,
  "nte": 0.001830794536222556,
  "nda": 0.0018164914539083173,
  "von": 0.0017878852892798398,
  "lle": 0.0017592791246513625,
  "ebe": 0.0017449760423371237,
  "enn": 0.0017163698777086461,
  "sta": 0.0017020667953944076,
  "uch": 0.0016877637130801688,
  "wer": 0.00167346063076593,
  "tte": 0.0016591575484516913,
  "sic": 0.0016448544661374527,
  "bei": 0.0016162483015089752,
  "sei": 0.0016019452191947364,
  "sen": 0.0015876421368804978,
  "her": 0.001573339054566259,
  "eri": 0.0015590359722520203,
  "ege": 0.0015447328899377815,
  "tei": 0.0015447328899377815,
  "era": 0.001530429807623543,
  "enu": 0.001530429807623543,
  "wei": 0.0015161267253093042,
  "hab": 0.0015018236429950654,
  "eic": 0.0015018236429950654,
  "ins": 0.0014875205606808266,
  "tde": 0.0014875205606808266,
  "nst": 0.0014875205606808266,
  "hre": 0.0014875205606808266,
  "isc": 0.0014589143960523493,
  "len": 0.0014589143960523493,
  "esi": 0.0014589143960523493,
  "des": 0.0014589143960523493,
  "tes": 0.0014446113137381105,
  "tun": 0.0014446113137381105,
  "ann": 0.0014160051491096332,
  "esc": 0.0014017020667953944,
  "erw": 0.0013873989844811556,
  "enb": 0.0013730959021669169,
  "ing": 0.0013730959021669169,
  "all": 0.0013730959021669169,
  "rau": 0.0013587928198526783,
  "hei": 0.0013587928198526783,
  "chd": 0.0013444897375384395,
  "chw": 0.0013444897375384395,
  "ige": 0.0013444897375384395,
  "tio": 0.0013444897375384395,
  "eng": 0.0013301866552242008,
  "hte": 0.0013301866552242008,
  "run": 0.001315883572909962,
  "sin": 0.001315883572909962,
  "mme": 0.0013015804905957234,
  "was": 0.0013015804905957234,
  "std": 0.0013015804905957234,
  "chi": 0.0012872774082814847,
  "ite": 0.0012872774082814847,
  "mei": 0.0012729743259672459,
  "rst": 0.0012729743259672459,
  "dem": 0.0012729743259672459,
  "nne": 0.0012586712436530073,
  "ied": 0.0012586712436530073,
  "für": 0.0012586712436530073,
  "ehe": 0.0012443681613387686,
  "lei": 0.0012443681613387686,
  "edi": 0.0012300650790245298,
  "enm": 0.001215761996710291,
  "chs": 0.0012014589143960524,
  "nbe": 0.0012014589143960524,
  "ang": 0.0011871558320818137,
  "ien": 0.0011871558320818137,
  "enk": 0.0011871558320818137,
  "rge": 0.0011871558320818137,
  "eis": 0.0011871558320818137,
  "sti": 0.001172852749767575,
  "erb": 0.001172852749767575,
  "age": 0.0011585496674533361,
  "chl": 0.0011585496674533361,
  "rin": 0.0011442465851390976,
  "oll": 0.0011299435028248588,
  "erh": 0.0011299435028248588,
  "war": 0.00111564042051062,
  "ati": 0.00111564042051062,
  "ess": 0.00111564042051062,
  "lie": 0.0011013373381963812,
  "bes": 0.0011013373381963812,
  "nau": 0.0010870342558821427,
  "lte": 0.0010870342558821427,
  "kei": 0.0010870342558821427,
  "ell": 0.0010870342558821427,
  "nes": 0.001072731173567904,
  "rte": 0.001072731173567904,
  "als": 0.0010584280912536651,
  "ger": 0.0010584280912536651,
  "nsc": 0.0010584280912536651,
  "tel": 0.0010584280912536651,
  "art": 0.0010441250089394264,
  "erg": 0.0010441250089394264,
  "eru": 0.0010441250089394264,
  "ssi": 0.0010441250089394264,
  "sis": 0.0010298219266251878,
  "enz": 0.0010298219266251878,
  "rbe": 0.001015518844310949,
  "ndd": 0.001015518844310949,
  "200": 0.001015518844310949,
  "och": 0.0010012157619967103,
  "hal": 0.0010012157619967103,
  "geh": 0.0010012157619967103,
  "eme": 0.0010012157619967103,
  "übe": 0.0009726095973682328,
  "erk": 0.0009726095973682328,
  "chu": 0.0009726095973682328,
  "ide": 0.0009726095973682328,
  "iel": 0.0009583065150539942,
  "nwi": 0.0009583065150539942,
  "auc": 0.0009583065150539942,
  "omm": 0.0009440034327397554,
  "nac": 0.0009440034327397554,
  "ate": 0.0009440034327397554,
  "kom": 0.0009440034327397554,
  "nwe": 0.0009440034327397554,
  "nin": 0.0009440034327397554,
  "ser": 0.0009297003504255167,
  "ech": 0.0009297003504255167,
  "ele": 0.000915397268111278,
  "nis": 0.000915397268111278,
  "wie": 0.0009010941857970393,
  "ran": 0.0009010941857970393,
  "man": 0.0009010941857970393,
  "chh": 0.0009010941857970393,
  "tdi": 0.0009010941857970393,
  "mer": 0.0009010941857970393,
  "erf": 0.0008867911034828005,
  "ini": 0.0008867911034828005,
  "rdi": 0.0008867911034828005,
  "sge": 0.0008867911034828005,
  "asi": 0.0008867911034828005,
  "iti": 0.0008724880211685618,
  "kan": 0.0008724880211685618,
  "vor": 0.0008724880211685618,
  "eid": 0.0008724880211685618,
  "tsc": 0.0008724880211685618,
  "erm": 0.0008724880211685618,
  "erv": 0.0008724880211685618,
  "ete": 0.0008724880211685618,
  "rsc": 0.0008581849388543231,
  "env": 0.0008581849388543231,
  "enh": 0.0008438818565400844,
  "nzu": 0.0008438818565400844,
  "ngs": 0.0008438818565400844,
  "tda": 0.0008438818565400844,
  "erl": 0.0008438818565400844,
  "err": 0.0008295787742258456,
  "tdu": 0.0008295787742258456,
  "enf": 0.0008295787742258456,
  "ahr": 0.0008295787742258456,
  "ihr": 0.0008295787742258456,
  "tra": 0.0008295787742258456,
  "chn": 0.0008295787742258456,
  "wen": 0.000815275691911607,
  "rha": 0.000815275691911607,
  "imm": 0.000815275691911607,
  "ieg": 0.000815275691911607,
  "ird": 0.0008009726095973682,
  "alt": 0.0008009726095973682,
  "nso": 0.0007866695272831295,
  "hau": 0.0007866695272831295,
  "201": 0.0007866695272831295,
  "nmi": 0.0007866695272831295,
  "ewe": 0.0007866695272831295,
  "rda": 0.0007866695272831295,
  "ast": 0.0007866695272831295,
  "itt": 0.0007866695272831295,
  "rsi": 0.0007866695272831295,
  "ond": 0.0007866695272831295,
  "fen": 0.0007866695272831295,
  "lan": 0.0007866695272831295,
  "nds": 0.0007866695272831295,
  "nal": 0.0007723664449688908,
  "tge": 0.0007723664449688908,
  "ieb": 0.0007723664449688908,
  "ieh": 0.0007723664449688908,
  "etz": 0.0007723664449688908,
  "eur": 0.0007723664449688908,
  "ken": 0.0007723664449688908,
  "nse": 0.0007723664449688908,
  "one": 0.0007580633626546521,
  "han": 0.0007580633626546521,