{
  "ναι": 0.004921305538790102,
  "ίνα": 0.004782023306560193,
  "είν": 0.004665954779701936,
  "του": 0.0038302613863224846,
  "εις": 0.0038070476809508335,
  "την": 0.0037606202702075305,
  "δεν": 0.0037606202702075305,
  "αυτ": 0.003737406564835879,
  "ατο": 0.0034588421003760622,
  "και": 0.0034124146896327592,
  "για": 0.0032267050466595476,
  "σου": 0.002901713171456428,
  "υτό": 0.0027392172338548677,
  "μου": 0.0026695761177399136,
  "ιστ": 0.0024838664747667025,
  "τικ": 0.002460652769395051,
  "ουμ": 0.0024374390640233994,
  "μετ": 0.0023910116532800964,
  "στο": 0.0023677979479084454,
  "που": 0.0023213705371651423,
  "ιατ": 0.0023213705371651423,
  "της": 0.0022285157156785368,
  "καλ": 0.0021588745995635822,
  "νει": 0.0021588745995635822,
  "τον": 0.0021356608941919307,
  "ανα": 0.0021124471888202797,
  "κάν": 0.0019963786619620226,
  "ατα": 0.0019963786619620226,
  "ετα": 0.0018803101351037653,
  "στη": 0.0018803101351037653,
  "κατ": 0.0018338827243604625,
  "υμε": 0.0017874553136171597,
  "ακα": 0.0017874553136171597,
  "εια": 0.0017642416082455082,
  "περ": 0.0017642416082455082,
  "ουν": 0.0017642416082455082,
  "ένα": 0.0017410279028738567,
  "στε": 0.0017410279028738567,
  "ται": 0.0017178141975022054,
  "ματ": 0.0016946004921305539,
  "αστ": 0.0016946004921305539,
  "από": 0.0016713867867589023,
  "μπο": 0.0016713867867589023,
  "ινα": 0.0016713867867589023,
  "σει": 0.001648173081387251,
  "πορ": 0.0016249593760155996,
  "ταν": 0.0016249593760155996,
  "νατ": 0.0016017456706439483,
  "ναπ": 0.0016017456706439483,
  "ςτο": 0.0015785319652722968,
  "αιτ": 0.0015553182599006453,
  "πει": 0.0015553182599006453,
  "αντ": 0.001532104554528994,
  "ικα": 0.001532104554528994,
  "προ": 0.001532104554528994,
  "είσ": 0.0015088908491573425,
  "σαι": 0.0015088908491573425,
  "παρ": 0.0014856771437856912,
  "ποι": 0.0014856771437856912,
  "ους": 0.0014624634384140397,
  "επι": 0.0014392497330423882,
  "μέν": 0.0014392497330423882,
  "απο": 0.0014392497330423882,
  "ότι": 0.0014160360276707369,
  "άνε": 0.0014160360276707369,
  "ςεί": 0.0014160360276707369,
  "μαι": 0.0013928223222990854,
  "αμε": 0.0013928223222990854,
  "χει": 0.0013696086169274339,
  "ρισ": 0.0013463949115557826,
  "ερι": 0.0013463949115557826,
  "ικά": 0.0013463949115557826,
  "ντα": 0.001323181206184131,
  "ατη": 0.001323181206184131,
  "ουπ": 0.001323181206184131,
  "ρει": 0.0012999675008124798,
  "αιπ": 0.0012999675008124798,
  "ςκα": 0.0012767537954408283,
  "ενα": 0.0012535400900691768,
  "ντο": 0.0012535400900691768,
  "όχι": 0.0012535400900691768,
  "νακ": 0.0012535400900691768,
  "ικό": 0.0012535400900691768,
  "ςνα": 0.0012535400900691768,
  "αια": 0.0012303263846975255,
  "νεί": 0.0012303263846975255,
  "ιασ": 0.001207112679325874,
  "ική": 0.0011838989739542227,
  "τοκ": 0.0011838989739542227,
  "ουτ": 0.0011606852685825712,
  "τοπ": 0.0011374715632109197,
  "ίσα": 0.0011374715632109197,
  "αεί": 0.0011374715632109197,
  "ενε": 0.0011374715632109197,
  "είς": 0.0011374715632109197,
  "οπο": 0.0011142578578392684,
  "ναμ": 0.0011142578578392684,
  "νου": 0.0011142578578392684,
  "στα": 0.0011142578578392684,
  "ίνε": 0.0011142578578392684,
  "τερ": 0.0011142578578392684,
  "ξέρ": 0.0010910441524676169,
  "συν": 0.0010910441524676169,
  "είμ": 0.0010910441524676169,
  "εδώ": 0.0010910441524676169,
  "εντ": 0.0010910441524676169,
  "ποτ": 0.0010678304470959654,
  "καν": 0.0010678304470959654,
  "ετο": 0.0010678304470959654,
  "ανε": 0.0010678304470959654,
  "ιτο": 0.001044616741724314,
  "ότη": 0.001044616741724314,
  "σης": 0.001044616741724314,
  "αιδ": 0.001044616741724314,
  "ιαυ": 0.001044616741724314,
  "ίμα": 0.001044616741724314,
  "ιεί": 0.001044616741724314,
  "οκα": 0.001044616741724314,
  "αιμ": 0.001044616741724314,
  "αισ": 0.0010214030363526626,
  "των": 0.0010214030363526626,
  "πάρ": 0.0010214030363526626,
  "ατι": 0.0010214030363526626,
  "ιαπ": 0.0010214030363526626,
  "τομ": 0.0010214030363526626,
  "ικο": 0.0009981893309810113,
  "αιε": 0.0009981893309810113,
  "ρεί": 0.0009981893309810113,
  "ουε": 0.0009749756256093598,
  "έχε": 0.0009749756256093598,
  "πολ": 0.0009749756256093598,
  "ειν": 0.0009749756256093598,
  "ουσ": 0.0009749756256093598,
  "αλλ": 0.0009517619202377084,
  "μεν": 0.0009517619202377084,
  "αικ": 0.0009517619202377084,
  "δια": 0.0009517619202377084,
  "νασ": 0.0009517619202377084,
  "έπε": 0.0009517619202377084,
  "ωνα": 0.0009517619202377084,
  "αρα": 0.0009517619202377084,
  "ειτ": 0.0009285482148660569,
  "ετη": 0.0009285482148660569,
  "αδε": 0.0008821208041227541,
  "ιπο": 0.0008821208041227541,
  "ουα": 0.0008589070987511027,
  "νομ": 0.0008589070987511027,
  "ατί": 0.0008589070987511027,
  "ακο": 0.0008589070987511027,
  "νκα": 0.0008589070987511027,
  "φορ": 0.0008589070987511027,
  "ηνα": 0.0008589070987511027,
  "νετ": 0.0008589070987511027,
  "λει": 0.0008589070987511027,
  "αίν": 0.0008589070987511027,
  "θέλ": 0.0008589070987511027,
  "ετε": 0.0008589070987511027,
  "πίσ": 0.0008589070987511027,
  "οντ": 0.0008356933933794512,
  "τασ": 0.0008356933933794512,
  "πως": 0.0008356933933794512,
  "ιδε": 0.0008356933933794512,
  "τισ": 0.0008356933933794512,
  "ημα": 0.0008356933933794512,
  "οιο": 0.0008356933933794512,
  "αιο": 0.0008356933933794512,
  "ουκ": 0.0008124796880077998,
  "ηση": 0.0008124796880077998,
  "ομα": 0.0008124796880077998,
  "ακά": 0.0008124796880077998,
  "μια": 0.0008124796880077998,
  "πότ": 0.0008124796880077998,
  "άμε": 0.0008124796880077998,
  "ήτα": 0.0008124796880077998,
  "υπο": 0.0007892659826361484,
  "τρο": 0.0007892659826361484,
  "αλά": 0.0007892659826361484,
  "λλά": 0.0007892659826361484,
  "αρι": 0.0007892659826361484,
  "τοσ": 0.0007892659826361484,
  "ορε": 0.0007892659826361484,
  "υτο": 0.0007892659826361484,
  "ιδι": 0.0007892659826361484,
  "ερα": 0.0007892659826361484,
  "ουλ": 0.0007892659826361484,
  "μεσ": 0.0007892659826361484,
  "έρε": 0.000766052277264497,
  "ισμ": 0.000766052277264497,
  "ναν": 0.000766052277264497,
  "σας": 0.000766052277264497,
  "πρέ": 0.000766052277264497,
  "ρέπ": 0.000766052277264497,
  "ένο": 0.000766052277264497,
  "σημ": 0.000766052277264497,
  "ντι": 0.000766052277264497,
  "ασο": 0.0007428385718928456,
  "όνο": 0.0007428385718928456,
  "ώνα": 0.0007428385718928456,
  "δικ": 0.0007428385718928456,
  "διά": 0.0007428385718928456,
  "απα": 0.0007428385718928456,
  "αιν": 0.0007428385718928456,
  "θατ": 0.0007428385718928456,
  "κάτ": 0.0007196248665211941,
  "κού": 0.0007196248665211941,
  "τακ": 0.0007196248665211941,
  "εκα": 0.0007196248665211941,
  "γει": 0.0006964111611495427,
  "ηνπ": 0.0006964111611495427,
  "ιθα": 0.0006964111611495427,
  "ιτρ": 0.0006964111611495427,
  "ολο": 0.0006964111611495427,
  "ναε": 0.0006964111611495427,
  "άνω": 0.0006964111611495427,
  "πρό": 0.0006964111611495427,
  "ξει": 0.0006964111611495427,
  "ελε": 0.0006964111611495427,
  "ιμε": 0.0006964111611495427,
  "απρ": 0.0006964111611495427,
  "συμ": 0.0006964111611495427,
  "τητ": 0.0006731974557778913,
  "ρικ": 0.0006731974557778913,
  "λου": 0.0006731974557778913,
  "ότο": 0.0006731974557778913,
  "μόν": 0.0006731974557778913,
  "ετι": 0.0006731974557778913,
  "ντά": 0.0006731974557778913,
  "ίσω": 0.0006731974557778913,
  "οπρ": 0.0006731974557778913,
  "τησ": 0.0006499837504062399,
  "ςτη": 0.0006499837504062399,
  "ιακ": 0.0006499837504062399,
  "άπο": 0.0006499837504062399,
  "τάξ": 0.0006499837504062399,
  "άξε": 0.0006499837504062399,
  "ιτη": 0.0006499837504062399,
  "έρω": 0.0006499837504062399,
  "είτ": 0.0006499837504062399,
  "γου": 0.0006499837504062399,
  "ήσε": 0.0006499837504062399,
  "επε": 0.0006499837504062399,
  "πιτ": 0.0006267700450345884,
  "ηςε": 0.0006267700450345884,
  "κοι": 0.0006267700450345884,
  "ητο": 0.0006267700450345884,
  "σητ": 0.0006267700450345884,
  "αςτ": 0.0006267700450345884,
  "ορώ": 0.0006267700450345884,
  "ρών": 0.0006267700450345884,
  "χαρ": 0.0006267700450345884,