{
  "est": 0.007617123979390973,
  "ent": 0.006675681689803324,
  "que": 0.0063504561715821365,
  "del": 0.004998202701083514,
  "nte": 0.0049126170383937285,
  "con": 0.004501805857482754,
  "aci": 0.00446757159240684,
  "ión": 0.00446757159240684,
  "ela": 0.00415946320672361,
  "sde": 0.004073877544033823,
  "ien": 0.003954057616268123,
  "ade": 0.003834237688502422,
  "res": 0.0036801834956608067,
  "sta": 0.0036630663631228495,
  "los": 0.0036459492305848922,
  "ado": 0.0035603635678951064,
  "ció": 0.003457660772667363,
  "ode": 0.003337840844901662,
  "por": 0.0030810838568323035,
  "ene": 0.0030126153266804745,
  "par": 0.002927029663990688,
  "ese": 0.002927029663990688,
  "ara": 0.0028756782663768164,
  "nde": 0.0028243268687629447,
  "ion": 0.00279009260368703,
  "cio": 0.002738741206073159,
  "oqu": 0.0027216240735352015,
  "nes": 0.0026702726759213298,
  "oes": 0.0026531555433833725,
  "des": 0.0025846870132315435,
  "com": 0.0025846870132315435,
  "las": 0.002550452748155629,
  "ede": 0.0025333356156176717,
  "ere": 0.0024819842180038,
  "ose": 0.0024648670854658427,
  "tra": 0.0024648670854658427,
  "per": 0.0024477499529278854,
  "men": 0.002430632820389928,
  "esp": 0.002413515687851971,
  "nto": 0.0023963985553140136,
  "era": 0.0023963985553140136,
  "una": 0.002327930025162185,
  "mos": 0.0023108128926242278,
  "dad": 0.0022423443624723987,
  "ale": 0.002208110097396484,
  "one": 0.0021567586997826124,
  "ala": 0.0021054073021687407,
  "ica": 0.0020882901696307834,
  "les": 0.002071173037092826,
  "ero": 0.002054055904554869,
  "sen": 0.002054055904554869,
  "ida": 0.0020369387720169116,
  "ndo": 0.0020198216394789544,
  "rec": 0.0020198216394789544,
  "lac": 0.002002704506940997,
  "dos": 0.002002704506940997,
  "osa": 0.0019684702418650826,
  "ten": 0.0019684702418650826,
  "esa": 0.0019513531093271255,
  "esd": 0.0019342359767891683,
  "ees": 0.0019342359767891683,
  "ada": 0.0019342359767891683,
  "pro": 0.0019342359767891683,
  "ant": 0.0019342359767891683,
  "ona": 0.0018657674466373393,
  "ier": 0.001848650314099382,
  "cia": 0.001848650314099382,
  "ono": 0.001848650314099382,
  "ase": 0.0018315331815614247,
  "tod": 0.0018315331815614247,
  "ter": 0.0018144160490234677,
  "ses": 0.0017972989164855104,
  "are": 0.0017801817839475532,
  "aco": 0.0017801817839475532,
  "ues": 0.001763064651409596,
  "and": 0.001763064651409596,
  "stá": 0.0017459475188716387,
  "spe": 0.0017459475188716387,
  "enc": 0.0017288303863336814,
  "aes": 0.0017117132537957241,
  "elo": 0.0017117132537957241,
  "ónd": 0.0016945961212577669,
  "sto": 0.001643244723643895,
  "aqu": 0.001643244723643895,
  "ste": 0.001643244723643895,
  "nla": 0.0016261275911059378,
  "nta": 0.0016261275911059378,
  "ano": 0.0016090104585679806,
  "nos": 0.0016090104585679806,
  "qui": 0.0015918933260300235,
  "osd": 0.0015918933260300235,
  "ido": 0.0015747761934920663,
  "equ": 0.0015747761934920663,
  "nci": 0.0015747761934920663,
  "tos": 0.001557659060954109,
  "tad": 0.001557659060954109,
  "eno": 0.0015234247958781945,
  "asa": 0.0015234247958781945,
  "end": 0.0015063076633402373,
  "edi": 0.0015063076633402373,
  "enl": 0.00148919053080228,
  "eco": 0.00148919053080228,
  "pre": 0.0014720733982643227,
  "art": 0.0014720733982643227,
  "qué": 0.0014549562657263655,
  "uen": 0.0014549562657263655,
  "der": 0.0014549562657263655,
  "ici": 0.0014549562657263655,
  "eso": 0.0014378391331884082,
  "nal": 0.0014378391331884082,
  "tar": 0.0014378391331884082,
  "bre": 0.001420722000650451,
  "ina": 0.0014036048681124937,
  "oen": 0.0014036048681124937,
  "oco": 0.0013864877355745367,
  "ral": 0.0013864877355745367,
  "ena": 0.0013864877355745367,
  "ame": 0.0013864877355745367,
  "nel": 0.0013693706030365794,
  "ntr": 0.0013693706030365794,
  "esc": 0.0013693706030365794,
  "tes": 0.0013522534704986221,
  "doe": 0.0013522534704986221,
  "uer": 0.0013351363379606649,
  "pue": 0.0013351363379606649,
  "ore": 0.0013351363379606649,
  "dec": 0.0013009020728847504,
  "osp": 0.0013009020728847504,
  "lar": 0.0013009020728847504,
  "esi": 0.0012666678078088358,
  "ome": 0.0012666678078088358,
  "olo": 0.0012666678078088358,
  "ist": 0.0012666678078088358,
  "sco": 0.0012666678078088358,
  "nad": 0.0012495506752708786,
  "amo": 0.0012495506752708786,
  "aba": 0.0012324335427329213,
  "ran": 0.0012324335427329213,
  "squ": 0.0012324335427329213,
  "ser": 0.0012324335427329213,
  "orm": 0.0012324335427329213,
  "rac": 0.0012324335427329213,
  "car": 0.001215316410194964,
  "bie": 0.0011981992776570068,
  "emo": 0.0011981992776570068,
  "nac": 0.0011981992776570068,
  "esu": 0.0011810821451190496,
  "odo": 0.0011810821451190496,
  "aca": 0.0011810821451190496,
  "ami": 0.0011639650125810925,
  "mie": 0.0011639650125810925,
  "aen": 0.0011639650125810925,
  "lde": 0.0011639650125810925,
  "ola": 0.0011468478800431353,
  "rel": 0.0011468478800431353,
  "nco": 0.0011468478800431353,
  "ora": 0.0011468478800431353,
  "ría": 0.0011468478800431353,
  "ons": 0.0011468478800431353,
  "ari": 0.0011468478800431353,
  "rad": 0.001129730747505178,
  "eci": 0.001129730747505178,
  "ote": 0.001129730747505178,
  "str": 0.001129730747505178,
  "een": 0.0011126136149672207,
  "ble": 0.0011126136149672207,
  "ont": 0.0011126136149672207,
  "lam": 0.0010954964824292635,
  "ren": 0.0010954964824292635,
  "oso": 0.0010954964824292635,
  "sti": 0.0010954964824292635,
  "ert": 0.0010954964824292635,
  "ios": 0.0010954964824292635,
  "tie": 0.0010783793498913062,
  "opo": 0.0010783793498913062,
  "ces": 0.0010783793498913062,
  "alo": 0.001061262217353349,
  "ete": 0.001061262217353349,
  "rio": 0.001061262217353349,
  "gra": 0.001061262217353349,
  "ens": 0.001061262217353349,
  "tam": 0.0010441450848153917,
  "rde": 0.0010441450848153917,
  "ama": 0.0010441450848153917,
  "spa": 0.0010441450848153917,
  "mis": 0.0010441450848153917,
  "ued": 0.0010270279522774344,
  "uie": 0.0010270279522774344,
  "tan": 0.0010270279522774344,
  "osi": 0.0010099108197394772,
  "lap": 0.0010099108197394772,
  "dee": 0.0010099108197394772,
  "aun": 0.00099279368720152,
  "uee": 0.00099279368720152,
  "for": 0.00099279368720152,
  "elp": 0.0009756765546635628,
  "ros": 0.0009756765546635628,
  "ana": 0.0009756765546635628,
  "ort": 0.0009756765546635628,
  "int": 0.0009756765546635628,
  "ect": 0.0009756765546635628,
  "ron": 0.0009585594221256055,
  "nti": 0.0009585594221256055,
  "rla": 0.0009585594221256055,
  "sal": 0.0009585594221256055,
  "ded": 0.0009585594221256055,
  "rma": 0.0009585594221256055,
  "ell": 0.0009585594221256055,
  "apr": 0.0009585594221256055,
  "lla": 0.0009585594221256055,
  "cto": 0.0009585594221256055,
  "man": 0.0009414422895876483,
  "sel": 0.0009414422895876483,
  "rte": 0.0009414422895876483,
  "noe": 0.0009414422895876483,
  "apo": 0.0009414422895876483,
  "uel": 0.0009414422895876483,
  "tal": 0.0009414422895876483,
  "det": 0.000924325157049691,
  "sin": 0.000924325157049691,
  "tic": 0.000924325157049691,
  "cad": 0.000924325157049691,
  "rta": 0.000924325157049691,
  "ver": 0.000924325157049691,
  "spo": 0.000924325157049691,
  "asi": 0.0009072080245117338,
  "den": 0.0009072080245117338,
  "apa": 0.0009072080245117338,
  "omi": 0.0009072080245117338,
  "hac": 0.0009072080245117338,
  "ace": 0.0009072080245117338,
  "ece": 0.0009072080245117338,
  "dep": 0.0009072080245117338,
  "omo": 0.0009072080245117338,
  "inc": 0.0008900908919737766,
  "oel": 0.0008900908919737766,
  "nse": 0.0008900908919737766,
  "sun": 0.0008900908919737766,
  "erd": 0.0008729737594358193,
  "rae": 0.0008729737594358193,
  "ras": 0.0008729737594358193,
  "cua": 0.0008729737594358193,
  "uni": 0.0008729737594358193,
  "tro": 0.0008729737594358193,
  "eme": 0.0008729737594358193,
  "das": 0.0008729737594358193,
  "oha": 0.0008729737594358193,
  "dem": 0.0008729737594358193,
  "mbr": 0.0008729737594358193,
  "ele": 0.0008729737594358193,
  "osc": 0.0008729737594358193,
  "deb": 0.0008558566268978621,