{
  "sta": 0.005068390066840778,
  "ett": 0.004382276127661458,
  "aan": 0.004338010712230534,
  "ist": 0.004338010712230534,
  "lla": 0.004271612589084149,
  "ole": 0.004271612589084149,
  "tta": 0.004160949050506839,
  "itä": 0.004094550927360453,
  "isi": 0.0038068257270594485,
  "ssa": 0.0035633659421893675,
  "taa": 0.0034969678190429816,
  "ise": 0.0034969678190429816,
  "itt": 0.003408436988181134,
  "sen": 0.003408436988181134,
  "ttä": 0.0032977734496038246,
  "min": 0.0032535080341729006,
  "inu": 0.003209242618741977,
  "sin": 0.003120711787880129,
  "tte": 0.00289938471072551,
  "iin": 0.0027665884644327387,
  "mis": 0.0027223230490018148,
  "hän": 0.002700190341286353,
  "ais": 0.002700190341286353,
  "ava": 0.0026780576335708912,
  "sit": 0.0026337922181399673,
  "nne": 0.0025452613872781198,
  "lle": 0.002500995971847196,
  "tää": 0.002500995971847196,
  "ell": 0.002500995971847196,
  "ään": 0.002478863264131734,
  "nen": 0.00243459784870081,
  "ksi": 0.00243459784870081,
  "ent": 0.0024124651409853483,
  "ami": 0.0023903324332698863,
  "oit": 0.0023681997255544244,
  "let": 0.0023460670178389624,
  "ine": 0.0023239343101235004,
  "est": 0.0023239343101235004,
  "mit": 0.002279668894692577,
  "ain": 0.002279668894692577,
  "nta": 0.002279668894692577,
  "utt": 0.002257536186977115,
  "inä": 0.002257536186977115,
  "aik": 0.002213270771546191,
  "tai": 0.002213270771546191,
  "asi": 0.0021468726483998054,
  "ten": 0.0021247399406843434,
  "lis": 0.0021247399406843434,
  "kse": 0.0021026072329688814,
  "ill": 0.0021026072329688814,
  "täm": 0.0020583418175379575,
  "een": 0.0020362091098224955,
  "llä": 0.0020362091098224955,
  "kaa": 0.002014076402107034,
  "net": 0.001991943694391572,
  "stä": 0.001991943694391572,
  "ste": 0.00196981098667611,
  "uks": 0.00196981098667611,
  "oli": 0.001947678278960648,
  "ast": 0.0019034128635297242,
  "all": 0.0018812801558142622,
  "sti": 0.0018370147403833385,
  "ene": 0.0018148820326678765,
  "ite": 0.0018148820326678765,
  "tav": 0.0017927493249524148,
  "voi": 0.0017927493249524148,
  "tet": 0.0017706166172369528,
  "ull": 0.0017484839095214908,
  "ans": 0.0017484839095214908,
  "set": 0.0017484839095214908,
  "enk": 0.0017484839095214908,
  "ssä": 0.001726351201806029,
  "aja": 0.001726351201806029,
  "tam": 0.001704218494090567,
  "ant": 0.001704218494090567,
  "imi": 0.001704218494090567,
  "ata": 0.001704218494090567,
  "tel": 0.001704218494090567,
  "enn": 0.001682085786375105,
  "kai": 0.001682085786375105,
  "ust": 0.0016599530786596433,
  "sii": 0.0016599530786596433,
  "sia": 0.0016599530786596433,
  "ase": 0.0016599530786596433,
  "ita": 0.0016378203709441813,
  "iss": 0.0016378203709441813,
  "int": 0.0016378203709441813,
  "iit": 0.0016378203709441813,
  "lli": 0.0016156876632287193,
  "tee": 0.0016156876632287193,
  "len": 0.0016156876632287193,
  "nsi": 0.0015935549555132576,
  "ntä": 0.0015935549555132576,
  "men": 0.0015714222477977956,
  "tul": 0.0015714222477977956,
  "oll": 0.0015492895400823336,
  "uut": 0.0015492895400823336,
  "den": 0.0015492895400823336,
  "mme": 0.0015271568323668718,
  "tar": 0.0015271568323668718,
  "ses": 0.0015271568323668718,
  "äne": 0.0015050241246514098,
  "tei": 0.0015050241246514098,
  "tie": 0.0014828914169359479,
  "eno": 0.0014828914169359479,
  "täs": 0.001460758709220486,
  "nko": 0.001460758709220486,
  "nka": 0.0014386260015050241,
  "ann": 0.0014386260015050241,
  "alu": 0.0014386260015050241,
  "ink": 0.0014386260015050241,
  "ämä": 0.0014164932937895621,
  "ott": 0.0014164932937895621,
  "lta": 0.0014164932937895621,
  "nva": 0.0014164932937895621,
  "aka": 0.0014164932937895621,
  "apa": 0.0013943605860741004,
  "vat": 0.0013943605860741004,
  "kin": 0.0013943605860741004,
  "nmi": 0.0013722278783586384,
  "uka": 0.0013722278783586384,
  "lai": 0.0013722278783586384,
  "esi": 0.0013500951706431764,
  "tät": 0.0013500951706431764,
  "onk": 0.0013500951706431764,
  "ito": 0.0013500951706431764,
  "aat": 0.0013279624629277146,
  "ika": 0.0013279624629277146,
  "ins": 0.0013279624629277146,
  "äsi": 0.0013279624629277146,
  "hal": 0.0013279624629277146,
  "vai": 0.0013279624629277146,
  "saa": 0.0013058297552122526,
  "tti": 0.0013058297552122526,
  "tuk": 0.0013058297552122526,
  "nol": 0.0013058297552122526,
  "ikk": 0.0013058297552122526,
  "iol": 0.0012836970474967907,
  "etu": 0.0012836970474967907,
  "ess": 0.0012836970474967907,
  "ämi": 0.0012836970474967907,
  "ike": 0.0012836970474967907,
  "eet": 0.001261564339781329,
  "sis": 0.001261564339781329,
  "tak": 0.001261564339781329,
  "ont": 0.001261564339781329,
  "maa": 0.001239431632065867,
  "nut": 0.001239431632065867,
  "aon": 0.001239431632065867,
  "non": 0.001239431632065867,
  "val": 0.001239431632065867,
  "ens": 0.001217298924350405,
  "nsa": 0.001217298924350405,
  "kos": 0.001217298924350405,
  "ytt": 0.001217298924350405,
  "nse": 0.001217298924350405,
  "tun": 0.001217298924350405,
  "toi": 0.001217298924350405,
  "iva": 0.001217298924350405,
  "tän": 0.001217298924350405,
  "ttu": 0.001217298924350405,
  "enp": 0.0011951662166349432,
  "nei": 0.0011951662166349432,
  "sel": 0.0011951662166349432,
  "ien": 0.0011951662166349432,
  "oin": 0.0011951662166349432,
  "äyt": 0.0011730335089194812,
  "kuu": 0.0011730335089194812,
  "ala": 0.0011730335089194812,
  "muk": 0.0011730335089194812,
  "ide": 0.0011730335089194812,
  "tan": 0.0011730335089194812,
  "aol": 0.0011509008012040192,
  "kun": 0.0011509008012040192,
  "lan": 0.0011509008012040192,
  "nni": 0.0011509008012040192,
  "nii": 0.0011509008012040192,
  "eta": 0.0011509008012040192,
  "ass": 0.0011287680934885574,
  "unn": 0.0011287680934885574,
  "att": 0.0011287680934885574,
  "ntu": 0.0011287680934885574,
  "hyv": 0.0011287680934885574,
  "nte": 0.0011287680934885574,
  "seo": 0.0011287680934885574,
  "eit": 0.0011287680934885574,
  "tat": 0.0011066353857730955,
  "täv": 0.0011066353857730955,
  "ano": 0.0011066353857730955,
  "nku": 0.0011066353857730955,
  "ätä": 0.0010845026780576335,
  "äon": 0.0010845026780576335,
  "ama": 0.0010845026780576335,
  "ina": 0.0010845026780576335,
  "eon": 0.0010845026780576335,
  "nyt": 0.0010845026780576335,
  "tap": 0.0010845026780576335,
  "nul": 0.0010623699703421717,
  "ank": 0.0010623699703421717,
  "tko": 0.0010623699703421717,
  "eis": 0.0010623699703421717,
  "äis": 0.0010623699703421717,
  "aas": 0.0010623699703421717,
  "nti": 0.0010402372626267097,
  "ani": 0.0010402372626267097,
  "ois": 0.0010402372626267097,
  "imu": 0.0010402372626267097,
  "taj": 0.0010181045549112477,
  "tuo": 0.0010181045549112477,
  "uol": 0.0010181045549112477,
  "nto": 0.0010181045549112477,
  "ost": 0.000995971847195786,
  "art": 0.000995971847195786,
  "tse": 0.000995971847195786,
  "lii": 0.000995971847195786,
  "stu": 0.000973839139480324,
  "ime": 0.000973839139480324,
  "tik": 0.000973839139480324,
  "ena": 0.000973839139480324,
  "ako": 0.000973839139480324,
  "eri": 0.000973839139480324,
  "rit": 0.000973839139480324,
  "env": 0.000973839139480324,
  "uta": 0.000973839139480324,
  "san": 0.000973839139480324,
  "eni": 0.000973839139480324,
  "ule": 0.000973839139480324,
  "emm": 0.000973839139480324,
  "osi": 0.000973839139480324,
  "äol": 0.000973839139480324,
  "änt": 0.0009517064317648621,
  "lin": 0.0009517064317648621,
  "ini": 0.0009517064317648621,
  "var": 0.0009517064317648621,
  "eva": 0.0009517064317648621,
  "enm": 0.0009517064317648621,
  "itu": 0.0009517064317648621,
  "ion": 0.0009517064317648621,
  "omi": 0.0009517064317648621,
  "aku": 0.0009295737240494002,
  "ajo": 0.0009295737240494002,
  "sio": 0.0009295737240494002,
  "nmu": 0.0009295737240494002,
  "its": 0.0009295737240494002,
  "vaa": 0.0009295737240494002,
  "ate": 0.0009295737240494002,
  "iku": 0.0009074410163339383,
  "nno": 0.0009074410163339383,
  "lua": 0.0009074410163339383,
  "oim": 0.0009074410163339383,
  "aal": 0.0009074410163339383,
  "oon": 0.0009074410163339383,