{
  "אני": 0.010066438494060801,
  "אתה": 0.00852291792497148,
  "אות": 0.005033219247030401,
  "הוא": 0.0038252466277431045,
  "תזה": 0.00288571236829743,
  "האת": 0.002852157573317227,
  "כול": 0.0026843835984162135,
  "אתז": 0.0026172740084558083,
  "שלי": 0.0026172740084558083,
  "הלא": 0.0024830548285349977,
  "נימ": 0.0024159452385745924,
  "יכו": 0.00238239044359439,
  "האנ": 0.00238239044359439,
  "יות": 0.002214616468693376,
  "היה": 0.002214616468693376,
  "ילא": 0.0021810616737131736,
  "היו": 0.002147506878732971,
  "יםל": 0.0020803972887725656,
  "טוב": 0.0020132876988121604,
  "ודע": 0.0020132876988121604,
  "שהו": 0.0020132876988121604,
  "ניל": 0.0019797329038319577,
  "חנו": 0.0019461781088517549,
  "לאי": 0.0019461781088517549,
  "היי": 0.0019461781088517549,
  "דבר": 0.0019461781088517549,
  "אנח": 0.0018790685188913496,
  "יםא": 0.0018790685188913496,
  "יתי": 0.0018790685188913496,
  "זהא": 0.0018790685188913496,
  "יוד": 0.001845513723911147,
  "נחנ": 0.0018119589289309443,
  "רוצ": 0.0017784041339507415,
  "תהי": 0.0017784041339507415,
  "מהא": 0.0017784041339507415,
  "ותה": 0.0017112945439903362,
  "היא": 0.0017112945439903362,
  "הזה": 0.0017112945439903362,
  "ליא": 0.0016777397490101336,
  "וצה": 0.001644184954029931,
  "ותא": 0.001644184954029931,
  "למה": 0.001644184954029931,
  "יאת": 0.0016106301590497283,
  "תהמ": 0.0015770753640695254,
  "תאת": 0.0015770753640695254,
  "תיא": 0.0015435205690893228,
  "ניא": 0.0015435205690893228,
  "ותך": 0.0015099657741091202,
  "םאת": 0.0015099657741091202,
  "ואנ": 0.0015099657741091202,
  "יאו": 0.0014764109791289175,
  "אבל": 0.0014764109791289175,
  "ההי": 0.0014764109791289175,
  "לאת": 0.001442856184148715,
  "ניי": 0.001442856184148715,
  "ואת": 0.0014093013891685123,
  "נות": 0.0013757465941883094,
  "ירו": 0.0013757465941883094,
  "שלך": 0.0013757465941883094,
  "להי": 0.0013757465941883094,
  "ראו": 0.0013757465941883094,
  "ותי": 0.0013757465941883094,
  "רים": 0.0013421917992081068,
  "זהל": 0.0013421917992081068,
  "ותו": 0.0013421917992081068,
  "זהה": 0.0013421917992081068,
  "יית": 0.0013086370042279041,
  "מהש": 0.0013086370042279041,
  "ישל": 0.0013086370042279041,
  "לאמ": 0.0013086370042279041,
  "אית": 0.0013086370042279041,
  "זהמ": 0.0013086370042279041,
  "לזה": 0.0012750822092477015,
  "לאא": 0.0012750822092477015,
  "יםש": 0.0012750822092477015,
  "ולא": 0.0012415274142674989,
  "תהא": 0.0012415274142674989,
  "השל": 0.0012415274142674989,
  "ולי": 0.0012079726192872962,
  "יים": 0.0012079726192872962,
  "ולל": 0.0012079726192872962,
  "האו": 0.0011744178243070936,
  "צרי": 0.0011744178243070936,
  "אחר": 0.0011744178243070936,
  "חיי": 0.0011744178243070936,
  "יהי": 0.0011744178243070936,
  "ילה": 0.0011744178243070936,
  "שאנ": 0.0011408630293268907,
  "צהל": 0.0011408630293268907,
  "יתה": 0.0011408630293268907,
  "שות": 0.0011408630293268907,
  "ינו": 0.0011408630293268907,
  "יאנ": 0.0011408630293268907,
  "ורה": 0.0011408630293268907,
  "כאן": 0.001107308234346688,
  "לנו": 0.001107308234346688,
  "ראי": 0.001107308234346688,
  "ימה": 0.001107308234346688,
  "םשל": 0.001107308234346688,
  "יזה": 0.0010737534393664855,
  "המה": 0.0010737534393664855,
  "תהל": 0.0010737534393664855,
  "לעז": 0.0010401986443862828,
  "ליל": 0.0010401986443862828,
  "ושה": 0.0010401986443862828,
  "שלו": 0.0010401986443862828,
  "תשל": 0.0010401986443862828,
  "ושב": 0.0010401986443862828,
  "שיו": 0.0010401986443862828,
  "פני": 0.0010066438494060802,
  "ראה": 0.0010066438494060802,
  "ותר": 0.0010066438494060802,
  "עשה": 0.0010066438494060802,
  "ישה": 0.0010066438494060802,
  "ראת": 0.0010066438494060802,
  "חוש": 0.0010066438494060802,
  "ההו": 0.0010066438494060802,
  "האי": 0.0009730890544258774,
  "שלה": 0.0009730890544258774,
  "בוא": 0.0009730890544258774,
  "ייב": 0.0009730890544258774,
  "סדר": 0.0009730890544258774,
  "דעת": 0.0009730890544258774,
  "ניח": 0.0009395342594456748,
  "עלי": 0.0009395342594456748,
  "אמר": 0.0009395342594456748,
  "ומר": 0.0009395342594456748,
  "שאת": 0.0009395342594456748,
  "ודה": 0.0009395342594456748,
  "עכש": 0.0009395342594456748,
  "כשי": 0.0009395342594456748,
  "ואה": 0.0009395342594456748,
  "משה": 0.0009395342594456748,
  "תיל": 0.0009059794644654722,
  "ורא": 0.0009059794644654722,
  "אלא": 0.0009059794644654722,
  "יפה": 0.0009059794644654722,
  "ואל": 0.0009059794644654722,
  "ולה": 0.0009059794644654722,
  "םאנ": 0.0009059794644654722,
  "ראנ": 0.0009059794644654722,
  "הול": 0.0009059794644654722,
  "איכ": 0.0008724246694852694,
  "וני": 0.0008724246694852694,
  "חבר": 0.0008724246694852694,
  "ברי": 0.0008724246694852694,
  "האם": 0.0008724246694852694,
  "זהב": 0.0008724246694852694,
  "עלה": 0.0008724246694852694,
  "ורי": 0.0008724246694852694,
  "ורל": 0.0008724246694852694,
  "תלא": 0.0008724246694852694,
  "אומ": 0.0008724246694852694,
  "הבא": 0.0008724246694852694,
  "כים": 0.0008724246694852694,
  "ילי": 0.0008724246694852694,
  "בסד": 0.0008724246694852694,
  "נים": 0.0008388698745050668,
  "כמו": 0.0008388698745050668,
  "עבו": 0.0008388698745050668,
  "תיש": 0.0008388698745050668,
  "אלת": 0.0008388698745050668,
  "הרו": 0.0008388698745050668,
  "הלה": 0.0008388698745050668,
  "תהח": 0.0008388698745050668,
  "ונה": 0.0008388698745050668,
  "אוה": 0.0008388698745050668,
  "יוא": 0.0008388698745050668,
  "הלע": 0.0008388698745050668,
  "אחד": 0.0008388698745050668,
  "בלא": 0.0008388698745050668,
  "לאה": 0.0008388698745050668,
  "הכל": 0.0008053150795248641,
  "לים": 0.0008053150795248641,
  "שהי": 0.0008053150795248641,
  "ישא": 0.0008053150795248641,
  "ללה": 0.0008053150795248641,
  "נוא": 0.0008053150795248641,
  "וןה": 0.0008053150795248641,
  "להת": 0.0008053150795248641,
  "םזה": 0.0008053150795248641,
  "עוש": 0.0008053150795248641,
  "מהל": 0.0008053150795248641,
  "שהא": 0.0008053150795248641,
  "בים": 0.0008053150795248641,
  "לאל": 0.0008053150795248641,
  "לךל": 0.0008053150795248641,
  "הבי": 0.0008053150795248641,
  "אהי": 0.0008053150795248641,
  "נול": 0.0007717602845446614,
  "זמן": 0.0007717602845446614,
  "ניר": 0.0007717602845446614,
  "ברה": 0.0007717602845446614,
  "תהע": 0.0007717602845446614,
  "זור": 0.0007717602845446614,
  "ריכ": 0.0007717602845446614,
  "ותש": 0.0007717602845446614,
  "ןאנ": 0.0007717602845446614,
  "לעש": 0.0007717602845446614,
  "םלה": 0.0007382054895644588,
  "אין": 0.0007382054895644588,
  "הטו": 0.0007382054895644588,
  "ותל": 0.0007382054895644588,
  "אםא": 0.0007382054895644588,
  "זאת": 0.0007382054895644588,
  "לדב": 0.0007382054895644588,
  "השא": 0.0007382054895644588,
  "הלי": 0.0007382054895644588,
  "תאו": 0.0007382054895644588,
  "לאנ": 0.0007382054895644588,
  "והב": 0.0007382054895644588,
  "ואו": 0.0007382054895644588,
  "ניה": 0.0007382054895644588,
  "והי": 0.0007382054895644588,
  "עשי": 0.0007382054895644588,
  "ירא": 0.0007382054895644588,
  "תכו": 0.0007382054895644588,
  "יאי": 0.0007382054895644588,
  "םלא": 0.0007382054895644588,
  "שלא": 0.0007382054895644588,
  "עשו": 0.0007382054895644588,
  "ילד": 0.0007046506945842561,
  "םאו": 0.0007046506945842561,
  "בוד": 0.0007046506945842561,
  "ובה": 0.0007046506945842561,
  "כלל": 0.0007046506945842561,
  "אלי": 0.0007046506945842561,
  "שוט": 0.0007046506945842561,
  "אמת": 0.0007046506945842561,
  "ליה": 0.0007046506945842561,
  "תהה": 0.0007046506945842561,
  "ליי": 0.0007046506945842561,
  "ימת": 0.0007046506945842561,
  "לאב": 0.0007046506945842561,
  "המש": 0.0007046506945842561,
  "תאנ": 0.0007046506945842561,
  "ךאנ": 0.0006710958996040534,
  "איפ": 0.0006710958996040534,
  "העו": 0.0006710958996040534,
  "ולם": 0.0006710958996040534,
  "תהכ": 0.0006710958996040534,
  "נית": 0.0006710958996040534,
  "ושל": 0.0006710958996040534,
  "ינה": 0.0006710958996040534,
  "ואי": 0.0006710958996040534,
  "קור": 0.0006710958996040534,
  "אלו": 0.0006710958996040534,
  "אתא": 0.0006710958996040534,
  "לךא": 0.0006710958996040534,
  "דיי": 0.0006710958996040534,