{
  "हऔर": 0.004557217493204863,
  "तमह": 0.004231701957975944,
  "उसक": 0.003857359092462688,
  "उनक": 0.0035969466642795525,
  "अपन": 0.003564395110756661,
  "करत": 0.002978467147344607,
  "महर": 0.0029459155938217152,
  "कलए": 0.002718054719161472,
  "करन": 0.0025715727283084585,
  "औरउ": 0.002522745398024121,
  "ललह": 0.0023437118536482155,
  "नवल": 0.0023274360768867695,
  "अलल": 0.0022948845233638775,
  "रतह": 0.002262332969840986,
  "नकर": 0.002262332969840986,
  "रकर": 0.0020344720951807425,
  "नपर": 0.001920541657850621,
  "नकल": 0.001904265881089175,
  "हमन": 0.001904265881089175,
  "रहम": 0.0018554385508048371,
  "उनह": 0.0018228869972819453,
  "रउस": 0.0017415081134747156,
  "तहक": 0.0017089565599518236,
  "हतह": 0.0017089565599518236,
  "सकत": 0.0017089565599518236,
  "रउन": 0.001660129229667486,
  "रहह": 0.001660129229667486,
  "तकर": 0.001660129229667486,
  "रतम": 0.00164385345290604,
  "लगक": 0.001627577676144594,
  "नलग": 0.0016113018993831481,
  "हमर": 0.0015950261226217021,
  "औरज": 0.0015950261226217021,
  "कतम": 0.0015950261226217021,
  "तहऔ": 0.001578750345860256,
  "दकर": 0.0015461987923373643,
  "नहक": 0.0014810956852915806,
  "गऔर": 0.0014648199085301346,
  "रपर": 0.0014648199085301346,
  "करक": 0.0014485441317686886,
  "सपर": 0.0014159925782457968,
  "परव": 0.0014159925782457968,
  "लहक": 0.001383441024722905,
  "ईमन": 0.001367165247961459,
  "औरत": 0.001334613694438567,
  "हकय": 0.001318337917677121,
  "तरह": 0.001318337917677121,
  "रसल": 0.001318337917677121,
  "हउस": 0.0012857863641542293,
  "औरअ": 0.0012857863641542293,
  "परक": 0.0012857863641542293,
  "रऔर": 0.0012532348106313374,
  "कतह": 0.0012532348106313374,
  "ररह": 0.0011881317035855536,
  "करद": 0.0011881317035855536,
  "नहन": 0.0011718559268241078,
  "नकह": 0.0011718559268241078,
  "रवर": 0.0011393043733012157,
  "तनह": 0.00112302859653977,
  "यऔर": 0.00112302859653977,
  "तमक": 0.00112302859653977,
  "रवह": 0.00112302859653977,
  "नउन": 0.0010904770430168779,
  "हकर": 0.0010904770430168779,
  "कपर": 0.001074201266255432,
  "रतक": 0.001074201266255432,
  "तमस": 0.001074201266255432,
  "नहह": 0.001057925489493986,
  "हतम": 0.001057925489493986,
  "कतर": 0.001057925489493986,
  "बहत": 0.0010416497127325403,
  "लकर": 0.0010416497127325403,
  "औरन": 0.0009928223824482024,
  "रनक": 0.0009602708289253105,
  "करय": 0.0009602708289253105,
  "रनव": 0.0009602708289253105,
  "करस": 0.0009439950521638645,
  "हवह": 0.0009439950521638645,
  "औरम": 0.0009439950521638645,
  "सकह": 0.0009277192754024186,
  "हकम": 0.0009277192754024186,
  "करर": 0.0009277192754024186,
  "औरह": 0.0009277192754024186,
  "जसक": 0.0009277192754024186,
  "हतक": 0.0009114434986409727,
  "जकछ": 0.0009114434986409727,
  "हकह": 0.0009114434986409727,
  "तऔर": 0.0009114434986409727,
  "कयक": 0.0009114434986409727,
  "चहत": 0.0009114434986409727,
  "सकर": 0.0009114434986409727,
  "कसथ": 0.0008951677218795267,
  "जनक": 0.0008951677218795267,
  "ततम": 0.0008951677218795267,
  "कयत": 0.0008788919451180807,
  "रदग": 0.0008788919451180807,
  "कहम": 0.0008788919451180807,
  "रकय": 0.0008788919451180807,
  "नहम": 0.0008788919451180807,
  "जएग": 0.0008788919451180807,
  "दगर": 0.0008626161683566348,
  "वलह": 0.0008626161683566348,
  "तहम": 0.0008626161683566348,
  "नकस": 0.0008463403915951889,
  "पहल": 0.0008463403915951889,
  "रनह": 0.0008463403915951889,
  "हजस": 0.0008463403915951889,
  "नतम": 0.0008463403915951889,
  "औरव": 0.000830064614833743,
  "अचछ": 0.000830064614833743,
  "मतम": 0.000830064614833743,
  "एऔर": 0.000830064614833743,
  "तहत": 0.000813788838072297,
  "मनउ": 0.000813788838072297,
  "कबद": 0.000813788838072297,
  "तहज": 0.000813788838072297,
  "यतम": 0.000813788838072297,
  "ख़दक": 0.000813788838072297,
  "नकप": 0.000813788838072297,
  "दऔर": 0.000813788838072297,
  "कउस": 0.000813788838072297,
  "हजन": 0.0007975130613108511,
  "यलग": 0.0007975130613108511,
  "बदल": 0.0007812372845494051,
  "कनह": 0.0007812372845494051,
  "मनल": 0.0007649615077879592,
  "तमन": 0.0007649615077879592,
  "मकर": 0.0007649615077879592,
  "हउन": 0.0007649615077879592,
  "वरद": 0.0007649615077879592,
  "लऔर": 0.0007649615077879592,
  "परत": 0.0007649615077879592,
  "करग": 0.0007649615077879592,
  "रजब": 0.0007649615077879592,
  "लगन": 0.0007649615077879592,
  "मनक": 0.0007649615077879592,
  "हहम": 0.0007486857310265132,
  "सकस": 0.0007486857310265132,
  "अगर": 0.0007486857310265132,
  "नऔर": 0.0007486857310265132,
  "समन": 0.0007486857310265132,
  "हनक": 0.0007324099542650673,
  "सरक": 0.0007324099542650673,
  "उसन": 0.0007324099542650673,
  "मसक": 0.0007161341775036214,
  "टकर": 0.0007161341775036214,
  "पहच": 0.0007161341775036214,
  "कयह": 0.0007161341775036214,
  "करज": 0.0007161341775036214,
  "मपर": 0.0007161341775036214,
  "तपर": 0.0007161341775036214,
  "नशच": 0.0007161341775036214,
  "इनक": 0.0007161341775036214,
  "बनद": 0.0007161341775036214,
  "औरय": 0.0007161341775036214,
  "सदश": 0.0006998584007421754,
  "कउन": 0.0006998584007421754,
  "कऔर": 0.0006998584007421754,
  "मउस": 0.0006998584007421754,
  "कवह": 0.0006998584007421754,
  "तनक": 0.0006998584007421754,
  "रहग": 0.0006998584007421754,
  "मरग": 0.0006998584007421754,
  "कसम": 0.0006998584007421754,
  "तउस": 0.0006835826239807295,
  "यकत": 0.0006835826239807295,
  "रहक": 0.0006835826239807295,
  "सवक": 0.0006835826239807295,
  "हलक": 0.0006835826239807295,
  "कहत": 0.0006835826239807295,
  "ककर": 0.0006835826239807295,
  "मनत": 0.0006835826239807295,
  "हनह": 0.0006835826239807295,
  "वलक": 0.0006835826239807295,
  "नकब": 0.0006673068472192835,
  "कपस": 0.0006673068472192835,
  "रजक": 0.0006673068472192835,
  "कमक": 0.0006673068472192835,
  "दनक": 0.0006673068472192835,
  "वकत": 0.0006673068472192835,
  "मउन": 0.0006673068472192835,
  "हमत": 0.0006673068472192835,
  "उनल": 0.0006510310704578376,
  "कसक": 0.0006510310704578376,
  "करह": 0.0006510310704578376,
  "हलग": 0.0006510310704578376,
  "यकर": 0.0006510310704578376,
  "हपर": 0.0006510310704578376,
  "सतर": 0.0006347552936963916,
  "रयक": 0.0006347552936963916,
  "हफर": 0.0006347552936963916,
  "सदन": 0.0006347552936963916,
  "मगर": 0.0006347552936963916,
  "नतह": 0.0006347552936963916,
  "तमउ": 0.0006347552936963916,
  "तउन": 0.0006347552936963916,
  "कहक": 0.0006347552936963916,
  "कमर": 0.0006347552936963916,
  "नकद": 0.0006347552936963916,
  "हहक": 0.0006184795169349457,
  "परस": 0.0006184795169349457,
  "औरक": 0.0006184795169349457,
  "दतह": 0.0006184795169349457,
  "आपक": 0.0006184795169349457,
  "ररब": 0.0006184795169349457,
  "गरह": 0.0006184795169349457,
  "नअप": 0.0006184795169349457,
  "तरफ": 0.0006184795169349457,
  "जतह": 0.0006184795169349457,
  "उसम": 0.0006022037401734998,
  "परद": 0.0006022037401734998,
  "सलक": 0.0006022037401734998,
  "नहज": 0.0006022037401734998,
  "सपह": 0.0006022037401734998,
  "नचह": 0.0006022037401734998,
  "ज़मन": 0.0006022037401734998,
  "नकक": 0.0006022037401734998,
  "हइस": 0.0005859279634120539,
  "ननह": 0.0005859279634120539,
  "गरक": 0.0005859279634120539,
  "बरह": 0.0005859279634120539,
  "कसव": 0.0005859279634120539,
  "खतह": 0.0005859279634120539,
  "यतक": 0.0005859279634120539,
  "लतह": 0.0005859279634120539,
  "यतन": 0.0005859279634120539,
  "रलग": 0.0005859279634120539,
  "फइल": 0.0005859279634120539,
  "परय": 0.0005696521866506079,
  "हरप": 0.0005696521866506079,
  "नउस": 0.0005696521866506079,
  "हअल": 0.0005696521866506079,
  "जनत": 0.0005696521866506079,
  "तकय": 0.0005696521866506079,
  "नकम": 0.0005696521866506079,
  "शचय": 0.0005696521866506079,
  "उनस": 0.0005696521866506079,
  "रअप": 0.0005696521866506079,
  "हयह": 0.0005696521866506079,
  "लगत": 0.000553376409889162,
  "नमस": 0.000553376409889162,
  "सतम": 0.000553376409889162,
  "लतम": 0.000553376409889162,
  "गयह": 0.000553376409889162,
  "सनक": 0.000553376409889162,
  "इसक": 0.000553376409889162,
  "लएक": 0.000553376409889162,
  "कबर": 0.000553376409889162,
  "ऐरस": 0.000553376409889162,
  "मनह": 0.000553376409889162,
  "हरह": 0.000537100633127716,
  "कतब": 0.000537100633127716,