{
  "nem": 0.00573534436471909,
  "meg": 0.004417435446868746,
  "sze": 0.0040513496363547615,
  "egy": 0.004002538194952897,
  "ogy": 0.003343583736027725,
  "agy": 0.0032947722946258602,
  "hog": 0.003270366573924928,
  "ele": 0.003123932249719334,
  "ett": 0.0024893835114950945,
  "ere": 0.002464977790794162,
  "gye": 0.0024161663493922976,
  "nek": 0.0023673549079904327,
  "min": 0.0023429491872895007,
  "esz": 0.002269732025186704,
  "ell": 0.002220920583784839,
  "val": 0.002196514863083907,
  "eke": 0.0021721091423829745,
  "ben": 0.002147703421682042,
  "ott": 0.00212329770098111,
  "vag": 0.002074486259579245,
  "ete": 0.002074486259579245,
  "aka": 0.002050080538878313,
  "ala": 0.002050080538878313,
  "van": 0.0020256748181773808,
  "kel": 0.0019768633767755163,
  "tal": 0.0019280519353736517,
  "ért": 0.0019280519353736517,
  "let": 0.0019280519353736517,
  "ene": 0.0019036462146727192,
  "asz": 0.001879240493971787,
  "tte": 0.001879240493971787,
  "hat": 0.001879240493971787,
  "fel": 0.0018304290525699223,
  "enn": 0.00180602333186899,
  "ban": 0.0017816176111680579,
  "tam": 0.0017816176111680579,
  "nak": 0.0017816176111680579,
  "ami": 0.0017572118904671254,
  "ség": 0.0017572118904671254,
  "tud": 0.0017328061697661932,
  "zer": 0.001708400449065261,
  "ssz": 0.001708400449065261,
  "tta": 0.0016595890076633963,
  "tel": 0.0016595890076633963,
  "tem": 0.001635183286962464,
  "lta": 0.0016107775662615317,
  "int": 0.0015863718455605995,
  "ond": 0.001561966124859667,
  "csa": 0.0015375604041587348,
  "ane": 0.0015375604041587348,
  "unk": 0.0015131546834578026,
  "sza": 0.0015131546834578026,
  "tet": 0.0015131546834578026,
  "ind": 0.0014887489627568701,
  "sem": 0.0014887489627568701,
  "nde": 0.0014887489627568701,
  "eme": 0.001464343242055938,
  "alá": 0.001464343242055938,
  "len": 0.001464343242055938,
  "mit": 0.001464343242055938,
  "olt": 0.0014399375213550057,
  "ége": 0.0014399375213550057,
  "aze": 0.0014399375213550057,
  "men": 0.0014399375213550057,
  "gya": 0.0014399375213550057,
  "vol": 0.0014155318006540732,
  "ren": 0.0014155318006540732,
  "sak": 0.0014155318006540732,
  "nne": 0.001391126079953141,
  "szt": 0.001391126079953141,
  "ezt": 0.0013667203592522088,
  "nál": 0.0013667203592522088,
  "áll": 0.0013667203592522088,
  "kez": 0.0013667203592522088,
  "emm": 0.0013423146385512764,
  "ent": 0.0013423146385512764,
  "kor": 0.0013179089178503441,
  "het": 0.0013179089178503441,
  "taz": 0.0013179089178503441,
  "lla": 0.0013179089178503441,
  "mel": 0.0013179089178503441,
  "end": 0.0013179089178503441,
  "leg": 0.001293503197149412,
  "mag": 0.001293503197149412,
  "aza": 0.0012690974764484795,
  "ünk": 0.0012690974764484795,
  "zem": 0.0012690974764484795,
  "ame": 0.0012446917557475473,
  "itt": 0.0012446917557475473,
  "zet": 0.001220286035046615,
  "lam": 0.001220286035046615,
  "ema": 0.0011958803143456826,
  "eze": 0.0011958803143456826,
  "kar": 0.0011958803143456826,
  "gyo": 0.0011714745936447504,
  "nte": 0.0011714745936447504,
  "lye": 0.001147068872943818,
  "tek": 0.001147068872943818,
  "mon": 0.001147068872943818,
  "ész": 0.001147068872943818,
  "tak": 0.001147068872943818,
  "atá": 0.0011226631522428857,
  "ány": 0.0011226631522428857,
  "lle": 0.0011226631522428857,
  "kne": 0.0010982574315419535,
  "dés": 0.0010982574315419535,
  "ált": 0.0010982574315419535,
  "isz": 0.0010982574315419535,
  "ket": 0.0010982574315419535,
  "emb": 0.0010982574315419535,
  "ter": 0.0010982574315419535,
  "fog": 0.0010982574315419535,
  "tne": 0.001073851710841021,
  "tan": 0.0010494459901400888,
  "elm": 0.0010494459901400888,
  "azt": 0.0010494459901400888,
  "elő": 0.0010494459901400888,
  "tsz": 0.0010494459901400888,
  "ten": 0.0010250402694391566,
  "emi": 0.0010250402694391566,
  "még": 0.0010250402694391566,
  "ese": 0.0010250402694391566,
  "köz": 0.0010250402694391566,
  "gym": 0.0010250402694391566,
  "lak": 0.0010006345487382242,
  "aki": 0.0010006345487382242,
  "maz": 0.0010006345487382242,
  "den": 0.0010006345487382242,
  "emé": 0.0010006345487382242,
  "gys": 0.0010006345487382242,
  "rte": 0.0010006345487382242,
  "sme": 0.0010006345487382242,
  "szé": 0.0009762288280372919,
  "tás": 0.0009762288280372919,
  "mbe": 0.0009762288280372919,
  "ost": 0.0009762288280372919,
  "ker": 0.0009518231073363596,
  "ana": 0.0009518231073363596,
  "ata": 0.0009518231073363596,
  "nye": 0.0009518231073363596,
  "tés": 0.0009518231073363596,
  "mer": 0.0009518231073363596,
  "ény": 0.0009274173866354274,
  "vel": 0.0009274173866354274,
  "ság": 0.0009274173866354274,
  "szo": 0.0009274173866354274,
  "ehe": 0.0009274173866354274,
  "mos": 0.0009274173866354274,
  "csi": 0.0009274173866354274,
  "mmi": 0.000903011665934495,
  "biz": 0.000903011665934495,
  "hal": 0.000903011665934495,
  "zel": 0.000903011665934495,
  "yen": 0.000903011665934495,
  "lom": 0.000903011665934495,
  "éle": 0.000903011665934495,
  "ncs": 0.000903011665934495,
  "kér": 0.0008786059452335627,
  "ése": 0.0008786059452335627,
  "art": 0.0008786059452335627,
  "hoz": 0.0008786059452335627,
  "lát": 0.0008786059452335627,
  "tot": 0.0008786059452335627,
  "szi": 0.0008786059452335627,
  "vet": 0.0008786059452335627,
  "eve": 0.0008542002245326305,
  "gaz": 0.0008542002245326305,
  "ena": 0.0008542002245326305,
  "ege": 0.0008542002245326305,
  "ber": 0.0008542002245326305,
  "aha": 0.0008542002245326305,
  "ela": 0.0008542002245326305,
  "tok": 0.0008542002245326305,
  "eté": 0.0008542002245326305,
  "szá": 0.0008542002245326305,
  "del": 0.0008542002245326305,
  "kaz": 0.0008297945038316982,
  "dta": 0.0008297945038316982,
  "kés": 0.0008297945038316982,
  "rta": 0.0008297945038316982,
  "dol": 0.0008297945038316982,
  "mne": 0.0008297945038316982,
  "ked": 0.0008053887831307658,
  "tén": 0.0008053887831307658,
  "udo": 0.0008053887831307658,
  "zta": 0.0008053887831307658,
  "ely": 0.0008053887831307658,
  "ysz": 0.0008053887831307658,
  "nyo": 0.0008053887831307658,
  "lat": 0.0008053887831307658,
  "oly": 0.0008053887831307658,
  "nna": 0.0008053887831307658,
  "zon": 0.0007809830624298335,
  "gyk": 0.0007809830624298335,
  "ato": 0.0007809830624298335,
  "emt": 0.0007809830624298335,
  "tár": 0.0007809830624298335,
  "tes": 0.0007809830624298335,
  "elt": 0.0007809830624298335,
  "azi": 0.0007809830624298335,
  "rté": 0.0007565773417289013,
  "ide": 0.0007565773417289013,
  "enk": 0.0007565773417289013,
  "gen": 0.0007565773417289013,
  "res": 0.0007565773417289013,
  "zél": 0.000732171621027969,
  "yok": 0.000732171621027969,
  "nka": 0.000732171621027969,
  "mho": 0.000732171621027969,
  "rsz": 0.000732171621027969,
  "zto": 0.000732171621027969,
  "tho": 0.000732171621027969,
  "nyi": 0.000732171621027969,
  "tva": 0.000732171621027969,
  "aga": 0.000732171621027969,
  "már": 0.000732171621027969,
  "nsz": 0.000732171621027969,
  "tme": 0.000732171621027969,
  "sin": 0.000732171621027969,
  "tál": 0.000732171621027969,
  "ann": 0.000732171621027969,
  "kat": 0.000732171621027969,
  "lva": 0.000732171621027969,
  "ndo": 0.0007077659003270366,
  "keg": 0.0007077659003270366,
  "ale": 0.0007077659003270366,
  "aho": 0.0007077659003270366,
  "eki": 0.0007077659003270366,
  "lme": 0.0007077659003270366,
  "alm": 0.0007077659003270366,
  "lek": 0.0007077659003270366,
  "tha": 0.0007077659003270366,
  "tis": 0.0007077659003270366,
  "ges": 0.0007077659003270366,
  "ték": 0.0007077659003270366,
  "mén": 0.0007077659003270366,
  "eka": 0.0007077659003270366,
  "yan": 0.0007077659003270366,
  "oka": 0.0007077659003270366,
  "jel": 0.0007077659003270366,
  "ism": 0.0007077659003270366,
  "iga": 0.0007077659003270366,
  "zte": 0.0007077659003270366,
  "ött": 0.0006833601796261044,
  "nag": 0.0006833601796261044,
  "eta": 0.0006833601796261044,
  "ert": 0.0006833601796261044,
  "lál": 0.0006833601796261044,
  "rem": 0.0006833601796261044,
  "vál": 0.0006833601796261044,
  "áro": 0.0006833601796261044,
  "yer": 0.0006833601796261044,