{
  "ang": 0.014856918855350842,
  "kan": 0.011897295178361427,
  "aka": 0.011034888279106233,
  "nya": 0.00946687573500588,
  "aku": 0.00848686789494316,
  "men": 0.007624460995687966,
  "nga": 0.006526852214817719,
  "apa": 0.00648765190121521,
  "ada": 0.006428851430811447,
  "yan": 0.006174049392395139,
  "eng": 0.005703645629165034,
  "ana": 0.005390043120344963,
  "ata": 0.005213641709133673,
  "lah": 0.005115640925127401,
  "ala": 0.005096040768326146,
  "kau": 0.004998039984319875,
  "ber": 0.004939239513916112,
  "ida": 0.0048412387299098395,
  "aya": 0.00466483731869855,
  "dan": 0.004625637005096041,
  "and": 0.004547236377891023,
  "ran": 0.004410035280282242,
  "dak": 0.004390435123480988,
  "itu": 0.004292434339474716,
  "anm": 0.0040376323010584084,
  "nda": 0.003959231673853391,
  "eka": 0.0039004312034496276,
  "per": 0.003880831046648373,
  "uka": 0.003880831046648373,
  "tid": 0.00382203057624461,
  "gan": 0.0038024304194433554,
  "ank": 0.003743629949039592,
  "kam": 0.003626029008232066,
  "ini": 0.0034496275970207764,
  "mem": 0.003430027440219522,
  "ari": 0.0033320266562132496,
  "ngk": 0.003292826342610741,
  "mer": 0.003253626029008232,
  "adi": 0.0032144257154057233,
  "nme": 0.0032144257154057233,
  "ame": 0.0031948255586044688,
  "ela": 0.003096824774598197,
  "aha": 0.003096824774598197,
  "ika": 0.0030772246177969424,
  "ara": 0.0030772246177969424,
  "any": 0.0030772246177969424,
  "tak": 0.0030380243041944334,
  "ere": 0.0029400235201881616,
  "ing": 0.0028812230497843984,
  "ita": 0.0028812230497843984,
  "ume": 0.0028420227361818894,
  "dia": 0.0028224225793806353,
  "tan": 0.002783222265778126,
  "emb": 0.0027636221089768717,
  "ter": 0.0027440219521756176,
  "rek": 0.0027048216385731085,
  "nak": 0.0027048216385731085,
  "ama": 0.002685221481771854,
  "ena": 0.0026656213249706,
  "asa": 0.0026068208545668367,
  "ali": 0.0025676205409643276,
  "era": 0.002548020384163073,
  "ntu": 0.002528420227361819,
  "tuk": 0.002528420227361819,
  "ora": 0.00248921991375931,
  "tah": 0.002469619756958056,
  "isa": 0.0024500196001568013,
  "ngg": 0.0024500196001568013,
  "ahu": 0.0024108192865542923,
  "ans": 0.0024108192865542923,
  "uta": 0.0023716189729517836,
  "man": 0.002332418659349275,
  "amu": 0.0023128185025480205,
  "ant": 0.0023128185025480205,
  "ung": 0.0022540180321442573,
  "han": 0.0022344178753430028,
  "nka": 0.0022148177185417482,
  "ima": 0.0022148177185417482,
  "dar": 0.002195217561740494,
  "aak": 0.002195217561740494,
  "den": 0.002156017248137985,
  "kit": 0.002097216777734222,
  "ati": 0.002097216777734222,
  "ase": 0.002058016464131713,
  "kut": 0.0020384163073304588,
  "dal": 0.0020384163073304588,
  "nta": 0.0019992159937279497,
  "lak": 0.0019992159937279497,
  "lan": 0.001960015680125441,
  "ahk": 0.001960015680125441,
  "uda": 0.001960015680125441,
  "pak": 0.0019404155233241865,
  "pad": 0.0019404155233241865,
  "eri": 0.0019404155233241865,
  "ian": 0.0019404155233241865,
  "gka": 0.0019208153665229322,
  "unt": 0.0019012152097216777,
  "yak": 0.0019012152097216777,
  "har": 0.0019012152097216777,
  "kat": 0.0018816150529204234,
  "ert": 0.001862014896119169,
  "epa": 0.0018424147393179145,
  "ngi": 0.0018228145825166602,
  "kuk": 0.0018228145825166602,
  "kal": 0.0018228145825166602,
  "nse": 0.0017640141121128968,
  "pat": 0.0017444139553116425,
  "hka": 0.0017248137985103882,
  "lam": 0.0017248137985103882,
  "ani": 0.0017052136417091337,
  "asi": 0.0017052136417091337,
  "ami": 0.0017052136417091337,
  "ndi": 0.0016660133281066248,
  "ngm": 0.0016660133281066248,
  "kme": 0.0016660133281066248,
  "dis": 0.0016660133281066248,
  "isi": 0.0016660133281066248,
  "iha": 0.0016464131713053705,
  "ain": 0.0016464131713053705,
  "uha": 0.0016464131713053705,
  "aik": 0.001626813014504116,
  "yaa": 0.001626813014504116,
  "abe": 0.001626813014504116,
  "anb": 0.0016072128577028616,
  "nny": 0.0016072128577028616,
  "emu": 0.0016072128577028616,
  "ann": 0.0015680125441003528,
  "atu": 0.0015680125441003528,
  "uat": 0.0015484123872990985,
  "pay": 0.001528812230497844,
  "ila": 0.001528812230497844,
  "uti": 0.0015092120736965896,
  "aan": 0.001489611916895335,
  "ake": 0.001489611916895335,
  "nan": 0.0014700117600940808,
  "ngb": 0.0014700117600940808,
  "sin": 0.0014700117600940808,
  "mel": 0.0014700117600940808,
  "bis": 0.0014504116032928263,
  "ben": 0.0014504116032928263,
  "kum": 0.0014504116032928263,
  "uak": 0.0014504116032928263,
  "tap": 0.0014504116032928263,
  "mba": 0.0014504116032928263,
  "iki": 0.001430811446491572,
  "ula": 0.001430811446491572,
  "aja": 0.001430811446491572,
  "use": 0.0014112112896903176,
  "bag": 0.0014112112896903176,
  "ent": 0.001391611132889063,
  "kak": 0.001391611132889063,
  "mak": 0.001391611132889063,
  "hat": 0.001391611132889063,
  "rka": 0.0013720109760878088,
  "end": 0.0013720109760878088,
  "ube": 0.0013720109760878088,
  "nar": 0.0013720109760878088,
  "san": 0.0013720109760878088,
  "iak": 0.0013720109760878088,
  "aru": 0.0013720109760878088,
  "anp": 0.0013524108192865543,
  "nke": 0.0013132105056840454,
  "iap": 0.0013132105056840454,
  "kah": 0.0013132105056840454,
  "aut": 0.001293610348882791,
  "mat": 0.001293610348882791,
  "sem": 0.001293610348882791,
  "bai": 0.0012740101920815366,
  "ses": 0.0012740101920815366,
  "ggu": 0.0012740101920815366,
  "agi": 0.0012740101920815366,
  "dap": 0.0012544100352802822,
  "rim": 0.0012544100352802822,
  "kep": 0.0012544100352802822,
  "eny": 0.0012544100352802822,
  "ngt": 0.0012544100352802822,
  "jad": 0.0012544100352802822,
  "ise": 0.0012544100352802822,
  "atk": 0.001234809878479028,
  "ema": 0.001234809878479028,
  "mua": 0.001234809878479028,
  "aga": 0.001234809878479028,
  "sam": 0.001234809878479028,
  "nit": 0.0012152097216777734,
  "aum": 0.0012152097216777734,
  "pun": 0.0012152097216777734,
  "gin": 0.0012152097216777734,
  "gme": 0.0012152097216777734,
  "seb": 0.0012152097216777734,
  "ngd": 0.0012152097216777734,
  "mbu": 0.001195609564876519,
  "ahm": 0.001195609564876519,
  "yas": 0.001195609564876519,
  "rti": 0.001195609564876519,
  "dah": 0.001195609564876519,
  "mas": 0.001195609564876519,
  "rus": 0.0011760094080752645,
  "lih": 0.0011564092512740102,
  "rak": 0.0011564092512740102,
  "nja": 0.0011368090944727557,
  "aki": 0.0011172089376715014,
  "kar": 0.0011172089376715014,
  "akt": 0.0011172089376715014,
  "esu": 0.0011172089376715014,
  "api": 0.001097608780870247,
  "awa": 0.001097608780870247,
  "rik": 0.001097608780870247,
  "nge": 0.001097608780870247,
  "akm": 0.001097608780870247,
  "usa": 0.001097608780870247,
  "uan": 0.001097608780870247,
  "pen": 0.0010780086240689925,
  "ait": 0.0010780086240689925,
  "sia": 0.0010780086240689925,
  "tel": 0.0010780086240689925,
  "yad": 0.0010780086240689925,
  "kub": 0.0010780086240689925,
  "kus": 0.0010584084672677382,
  "mpa": 0.0010584084672677382,
  "ahs": 0.0010388083104664837,
  "udi": 0.0010388083104664837,
  "nap": 0.0010192081536652294,
  "hme": 0.0010192081536652294,
  "kua": 0.0010192081536652294,
  "tuh": 0.0010192081536652294,
  "say": 0.0010192081536652294,
  "tam": 0.0009996079968639748,
  "uma": 0.0009996079968639748,
  "tka": 0.0009996079968639748,
  "dat": 0.0009996079968639748,
  "kem": 0.0009996079968639748,
  "idi": 0.0009996079968639748,
  "lia": 0.0009996079968639748,
  "emp": 0.0009996079968639748,
  "iri": 0.0009604076832614661,
  "bah": 0.0009604076832614661,
  "erb": 0.0009604076832614661,
  "aap": 0.0009604076832614661,
  "yam": 0.0009604076832614661,
  "sud": 0.0009604076832614661,
  "gat": 0.0009408075264602117,
  "iny": 0.0009408075264602117,
  "lla": 0.0009408075264602117,
  "nia": 0.0009408075264602117,
  "sep": 0.0009408075264602117,
  "iba": 0.0009212073696589573,
  "ngs": 0.0009212073696589573,
  "uru": 0.0009212073696589573,
  "erj": 0.0009212073696589573,
  "akb": 0.0009016072128577028,
  "tik": 0.0009016072128577028,
  "nti": 0.0009016072128577028,