{
  "ent": 0.0059405543179400725,
  "che": 0.005920484877676761,
  "ion": 0.005278262789250808,
  "non": 0.005077568386617697,
  "ell": 0.00493708230477452,
  "ono": 0.004736387902141409,
  "del": 0.004615971260561543,
  "one": 0.004575832380034921,
  "sta": 0.004475485178718365,
  "per": 0.004334999096875188,
  "ato": 0.004314929656611877,
  "est": 0.004013888052662212,
  "lla": 0.003833263090292412,
  "are": 0.0035121520460794347,
  "zio": 0.0035121520460794347,
  "con": 0.0034318742850261907,
  "nte": 0.0033114576434463243,
  "ere": 0.003291388203183013,
  "ede": 0.0032713187629197023,
  "men": 0.0032713187629197023,
  "odi": 0.0030505549200232807,
  "edi": 0.0029903465992333475,
  "ico": 0.0029702771589700363,
  "ett": 0.002910068838180103,
  "que": 0.0027495133160736146,
  "tat": 0.0027093744355469926,
  "tto": 0.0025488189134405042,
  "azi": 0.002528749473177193,
  "all": 0.002528749473177193,
  "nto": 0.002528749473177193,
  "com": 0.002528749473177193,
  "ist": 0.0025086800329138822,
  "ola": 0.002448471712123949,
  "ost": 0.002448471712123949,
  "gli": 0.002428402271860638,
  "res": 0.002388263391334016,
  "ess": 0.0023681939510707046,
  "och": 0.0023481245108073934,
  "tra": 0.0022879161900174606,
  "pro": 0.0022879161900174606,
  "ide": 0.0022678467497541494,
  "son": 0.002247777309490838,
  "ica": 0.0022277078692275274,
  "ame": 0.002207638428964216,
  "una": 0.002187568988700905,
  "ati": 0.002167499548437594,
  "eco": 0.0021273606679109718,
  "and": 0.002107291227647661,
  "pre": 0.002107291227647661,
  "ano": 0.0020872217873843498,
  "iam": 0.0020872217873843498,
  "ela": 0.0020470829068577278,
  "sto": 0.0020470829068577278,
  "ale": 0.0020470829068577278,
  "ope": 0.0020270134665944166,
  "era": 0.0020270134665944166,
  "nti": 0.0020270134665944166,
  "amo": 0.002006944026331106,
  "lle": 0.002006944026331106,
  "ter": 0.002006944026331106,
  "ene": 0.002006944026331106,
  "ndo": 0.0019668051458044834,
  "idi": 0.0019467357055411724,
  "ode": 0.0019467357055411724,
  "cos": 0.0019467357055411724,
  "toc": 0.0019065968250145504,
  "ore": 0.0018865273847512394,
  "eri": 0.0018865273847512394,
  "dis": 0.0018664579444879282,
  "att": 0.0018664579444879282,
  "ues": 0.0018463885042246172,
  "ate": 0.0018263190639613062,
  "qua": 0.0018263190639613062,
  "aco": 0.001786180183434684,
  "str": 0.001786180183434684,
  "olo": 0.001766110743171373,
  "ari": 0.001746041302908062,
  "oco": 0.0017259718626447507,
  "ssi": 0.0017059024223814397,
  "osa": 0.0017059024223814397,
  "par": 0.0017059024223814397,
  "chi": 0.0016858329821181287,
  "tor": 0.0016858329821181287,
  "ant": 0.0016858329821181287,
  "adi": 0.0016858329821181287,
  "tti": 0.0016657635418548178,
  "tic": 0.0016657635418548178,
  "las": 0.0016456941015915065,
  "rat": 0.0016456941015915065,
  "ade": 0.0016456941015915065,
  "cia": 0.0016256246613281955,
  "tta": 0.0016256246613281955,
  "ori": 0.0016256246613281955,
  "ino": 0.0016055552210648845,
  "sso": 0.0016055552210648845,
  "esi": 0.0016055552210648845,
  "ver": 0.0015854857808015735,
  "red": 0.0015854857808015735,
  "dic": 0.0015854857808015735,
  "ero": 0.0015654163405382623,
  "pos": 0.0015453469002749513,
  "ein": 0.0015453469002749513,
  "der": 0.0015453469002749513,
  "eno": 0.0015453469002749513,
  "tod": 0.0015052080197483291,
  "ita": 0.0015052080197483291,
  "ina": 0.0015052080197483291,
  "llo": 0.0015052080197483291,
  "ons": 0.0014851385794850181,
  "nos": 0.0014650691392217071,
  "ese": 0.0014650691392217071,
  "ora": 0.0014650691392217071,
  "art": 0.0014650691392217071,
  "oni": 0.0014449996989583961,
  "nta": 0.0014449996989583961,
  "tro": 0.0014449996989583961,
  "ten": 0.001424930258695085,
  "col": 0.001424930258695085,
  "ome": 0.001404860818431774,
  "eun": 0.001404860818431774,
  "eil": 0.001384791378168463,
  "rop": 0.001384791378168463,
  "oun": 0.001384791378168463,
  "tan": 0.001364721937905152,
  "ran": 0.001364721937905152,
  "ich": 0.0013446524976418407,
  "tar": 0.0013446524976418407,
  "nel": 0.0013446524976418407,
  "epe": 0.0013245830573785297,
  "oss": 0.0013245830573785297,
  "ire": 0.0013245830573785297,
  "ata": 0.0013245830573785297,
  "ser": 0.0013045136171152187,
  "oqu": 0.0013045136171152187,
  "iso": 0.0012844441768519075,
  "lam": 0.0012844441768519075,
  "ile": 0.0012643747365885965,
  "ort": 0.0012643747365885965,
  "sti": 0.0012643747365885965,
  "ren": 0.0012643747365885965,
  "ici": 0.0012443052963252855,
  "anc": 0.0012443052963252855,
  "gio": 0.0012443052963252855,
  "rei": 0.0012443052963252855,
  "ona": 0.0012443052963252855,
  "sse": 0.0012242358560619745,
  "tes": 0.0012242358560619745,
  "end": 0.0012242358560619745,
  "opr": 0.0012242358560619745,
  "sia": 0.0012242358560619745,
  "ito": 0.0012041664157986633,
  "utt": 0.0012041664157986633,
  "ned": 0.0012041664157986633,
  "ive": 0.0012041664157986633,
  "toi": 0.0011840969755353523,
  "ass": 0.0011840969755353523,
  "ele": 0.0011840969755353523,
  "rel": 0.0011840969755353523,
  "osi": 0.0011840969755353523,
  "ial": 0.0011840969755353523,
  "lar": 0.0011640275352720413,
  "int": 0.0011640275352720413,
  "avo": 0.0011640275352720413,
  "ndi": 0.0011439580950087303,
  "ont": 0.0011439580950087303,
  "acc": 0.0011439580950087303,
  "ech": 0.001123888654745419,
  "tut": 0.001123888654745419,
  "rti": 0.001123888654745419,
  "lac": 0.001123888654745419,
  "equ": 0.001123888654745419,
  "ini": 0.001123888654745419,
  "eal": 0.001103819214482108,
  "ann": 0.001103819214482108,
  "ose": 0.001103819214482108,
  "ste": 0.001103819214482108,
  "olt": 0.001103819214482108,
  "man": 0.001103819214482108,
  "ave": 0.001103819214482108,
  "sol": 0.001103819214482108,
  "erc": 0.001103819214482108,
  "sen": 0.001103819214482108,
  "isi": 0.001083749774218797,
  "cor": 0.001083749774218797,
  "ian": 0.001083749774218797,
  "oin": 0.0010636803339554859,
  "tos": 0.0010636803339554859,
  "isp": 0.0010636803339554859,
  "nor": 0.0010636803339554859,
  "oil": 0.0010636803339554859,
  "ert": 0.0010636803339554859,
  "por": 0.0010436108936921749,
  "alt": 0.0010436108936921749,
  "reg": 0.0010436108936921749,
  "ltr": 0.0010436108936921749,
  "dia": 0.0010436108936921749,
  "ior": 0.0010436108936921749,
  "tol": 0.0010235414534288639,
  "ach": 0.0010235414534288639,
  "rea": 0.0010235414534288639,
  "ifi": 0.0010235414534288639,
  "ima": 0.0010235414534288639,
  "lat": 0.0010235414534288639,
  "ali": 0.001003472013165553,
  "ris": 0.001003472013165553,
  "lio": 0.001003472013165553,
  "lic": 0.001003472013165553,
  "nal": 0.001003472013165553,
  "ada": 0.001003472013165553,
  "los": 0.001003472013165553,
  "emi": 0.001003472013165553,
  "ami": 0.0009834025729022417,
  "ric": 0.0009834025729022417,
  "rta": 0.0009834025729022417,
  "fic": 0.0009834025729022417,
  "orn": 0.0009834025729022417,
  "ole": 0.0009834025729022417,
  "ala": 0.0009834025729022417,
  "gra": 0.0009633331326389307,
  "asc": 0.0009633331326389307,
  "rio": 0.0009633331326389307,
  "pia": 0.0009633331326389307,
  "spe": 0.0009633331326389307,
  "sig": 0.0009633331326389307,
  "ast": 0.0009633331326389307,
  "pri": 0.0009633331326389307,
  "sio": 0.0009633331326389307,
  "evo": 0.0009633331326389307,
  "ime": 0.0009633331326389307,
  "nno": 0.0009633331326389307,
  "eci": 0.0009432636923756197,
  "eso": 0.0009432636923756197,
  "oma": 0.0009432636923756197,
  "omi": 0.0009432636923756197,
  "ape": 0.0009432636923756197,
  "apr": 0.0009432636923756197,
  "ine": 0.0009231942521123086,
  "gno": 0.0009231942521123086,
  "nod": 0.0009231942521123086,
  "top": 0.0009231942521123086,
  "rec": 0.0009231942521123086,
  "toa": 0.0009231942521123086,
  "ien": 0.0009231942521123086,
  "lap": 0.0009231942521123086,
  "ssa": 0.0009031248118489976,
  "oso": 0.0009031248118489976,
  "iac": 0.0009031248118489976,
  "aqu": 0.0009031248118489976,
  "iod": 0.0009031248118489976,
  "rla": 0.0009031248118489976,
  "vol": 0.0009031248118489976,
  "oal": 0.0009031248118489976,