{
  "あなた": 0.0055798522093198615,
  "なたが": 0.0029859749660684663,
  "たがた": 0.002593877243251395,
  "かれら": 0.0022319408837279445,
  "ている": 0.0019604886140853566,
  "アッラ": 0.0018398431609108732,
  "ッラー": 0.0018398431609108732,
  "である": 0.0017795204343236315,
  "らない": 0.0013874227115065602,
  "かった": 0.0012969386216256974,
  "ること": 0.0012969386216256974,
  "ことを": 0.0012064545317448348,
  "わたし": 0.001146131805157593,
  "ってる": 0.0011159704418639723,
  "ってい": 0.0011159704418639723,
  "はあな": 0.0011159704418639723,
  "してい": 0.0010858090785703515,
  "ました": 0.0010556477152767305,
  "のため": 0.0010556477152767305,
  "てくれ": 0.0009651636253958679,
  "ません": 0.0009651636253958679,
  "ために": 0.000935002262102247,
  "われは": 0.0008746795355150052,
  "がある": 0.0008445181722213844,
  "ように": 0.0008445181722213844,
  "言った": 0.0008445181722213844,
  "はない": 0.0008445181722213844,
  "ったの": 0.0008143568089277636,
  "だった": 0.0008143568089277636,
  "本当に": 0.0008143568089277636,
  "なたは": 0.0007841954456341427,
  "られる": 0.0007841954456341427,
  "したち": 0.0007841954456341427,
  "ことは": 0.0007841954456341427,
  "かれは": 0.0007841954456341427,
  "れらの": 0.0007841954456341427,
  "れらは": 0.0007540340823405218,
  "される": 0.0007540340823405218,
  "あろう": 0.0007540340823405218,
  "がたは": 0.0007540340823405218,
  "たした": 0.0007540340823405218,
  "られた": 0.0007540340823405218,
  "された": 0.0007238727190469009,
  "であろ": 0.0007238727190469009,
  "なたの": 0.0007238727190469009,
  "ていた": 0.0007238727190469009,
  "それを": 0.0007238727190469009,
  "ないで": 0.0007238727190469009,
  "じゃな": 0.0007238727190469009,
  "はかれ": 0.0006937113557532801,
  "のこと": 0.0006937113557532801,
  "れない": 0.0006937113557532801,
  "なかっ": 0.0006937113557532801,
  "として": 0.0006937113557532801,
  "そして": 0.0006937113557532801,
  "います": 0.0006937113557532801,
  "のであ": 0.0006635499924596592,
  "になっ": 0.0006333886291660383,
  "がたの": 0.0006333886291660383,
  "なさい": 0.0006333886291660383,
  "それで": 0.0006032272658724174,
  "します": 0.0006032272658724174,
  "なった": 0.0006032272658724174,
  "ありま": 0.0006032272658724174,
  "ラーの": 0.0006032272658724174,
  "知って": 0.0006032272658724174,
  "あった": 0.0005730659025787965,
  "しない": 0.0005730659025787965,
  "からな": 0.0005730659025787965,
  "ないか": 0.0005730659025787965,
  "だろう": 0.0005730659025787965,
  "ではな": 0.0005730659025787965,
  "ゃない": 0.0005730659025787965,
  "ことが": 0.0005730659025787965,
  "ラーは": 0.0005429045392851757,
  "言って": 0.0005429045392851757,
  "るんだ": 0.0005429045392851757,
  "たんだ": 0.0005429045392851757,
  "ならな": 0.0005429045392851757,
  "になる": 0.0005429045392851757,
  "ですか": 0.0005429045392851757,
  "たちに": 0.0005127431759915548,
  "にあな": 0.0005127431759915548,
  "れてい": 0.0005127431759915548,
  "ないの": 0.00048258181269793395,
  "たのか": 0.00048258181269793395,
  "いない": 0.00048258181269793395,
  "たもの": 0.00048258181269793395,
  "ファイ": 0.00048258181269793395,
  "にして": 0.00048258181269793395,
  "たこと": 0.00048258181269793395,
  "これは": 0.00048258181269793395,
  "るのは": 0.00048258181269793395,
  "自分の": 0.00048258181269793395,
  "してく": 0.00045242044940431306,
  "それに": 0.00045242044940431306,
  "すべて": 0.00045242044940431306,
  "たちは": 0.00045242044940431306,
  "だから": 0.00045242044940431306,
  "なたに": 0.00045242044940431306,
  "はそれ": 0.00045242044940431306,
  "者たち": 0.00045242044940431306,
  "しょう": 0.00045242044940431306,
  "いこと": 0.00045242044940431306,
  "のよう": 0.00045242044940431306,
  "ださい": 0.0004222590861106922,
  "るであ": 0.0004222590861106922,
  "ますか": 0.0004222590861106922,
  "いてい": 0.0004222590861106922,
  "たあな": 0.0004222590861106922,
  "を知っ": 0.0004222590861106922,
  "メール": 0.0004222590861106922,
  "やって": 0.0004222590861106922,
  "ものを": 0.0004222590861106922,
  "ァイル": 0.0004222590861106922,
  "なんだ": 0.0004222590861106922,
  "でしょ": 0.0004222590861106922,
  "ができ": 0.0004222590861106922,
  "かって": 0.0004222590861106922,
  "どうし": 0.0004222590861106922,
  "たちの": 0.0004222590861106922,
  "できま": 0.0004222590861106922,
  "くださ": 0.00039209772281707133,
  "されて": 0.00039209772281707133,
  "われが": 0.00039209772281707133,
  "なって": 0.00039209772281707133,
  "彼女は": 0.00039209772281707133,
  "と思っ": 0.00039209772281707133,
  "下さい": 0.00039209772281707133,
  "るので": 0.00039209772281707133,
  "められ": 0.00039209772281707133,
  "ないこ": 0.00039209772281707133,
  "してる": 0.00039209772281707133,
  "ってた": 0.00039209772281707133,
  "のです": 0.00039209772281707133,
  "ります": 0.00039209772281707133,
  "ことに": 0.00039209772281707133,
  "たので": 0.00039209772281707133,
  "があっ": 0.00036193635952345044,
  "ったか": 0.00036193635952345044,
  "ければ": 0.00036193635952345044,
  "思って": 0.00036193635952345044,
  "ちょっ": 0.00036193635952345044,
  "聞いて": 0.00036193635952345044,
  "があな": 0.00036193635952345044,
  "ったら": 0.00036193635952345044,
  "人びと": 0.00036193635952345044,
  "れから": 0.00036193635952345044,
  "あんた": 0.00036193635952345044,
  "がたが": 0.00036193635952345044,
  "かれの": 0.00036193635952345044,
  "はその": 0.00036193635952345044,
  "てはな": 0.00036193635952345044,
  "はなら": 0.00036193635952345044,
  "うこと": 0.00036193635952345044,
  "ていま": 0.00036193635952345044,
  "いるの": 0.00036193635952345044,
  "てやる": 0.00036193635952345044,
  "はこの": 0.00036193635952345044,
  "なこと": 0.00036193635952345044,
  "でした": 0.00036193635952345044,
  "れらに": 0.00036193635952345044,
  "あるか": 0.0003317749962298296,
  "はアッ": 0.0003317749962298296,
  "ょっと": 0.0003317749962298296,
  "がたを": 0.0003317749962298296,
  "ったあ": 0.0003317749962298296,
  "ならば": 0.0003317749962298296,
  "を与え": 0.0003317749962298296,
  "て下さ": 0.0003317749962298296,
  "せられ": 0.0003317749962298296,
  "けられ": 0.0003317749962298296,
  "れはあ": 0.0003317749962298296,
  "られて": 0.0003317749962298296,
  "うして": 0.0003317749962298296,
  "てしま": 0.0003317749962298296,
  "だと思": 0.0003317749962298296,
  "しよう": 0.0003317749962298296,
  "それと": 0.0003317749962298296,
  "はどう": 0.0003317749962298296,
  "いこの": 0.0003317749962298296,
  "たかれ": 0.0003317749962298296,
  "の中に": 0.0003317749962298296,
  "ことで": 0.0003317749962298296,
  "るアッ": 0.0003317749962298296,
  "んです": 0.0003016136329362087,
  "みんな": 0.0003016136329362087,
  "彼女の": 0.0003016136329362087,
  "知らな": 0.0003016136329362087,
  "がたに": 0.0003016136329362087,
  "ことも": 0.0003016136329362087,
  "っても": 0.0003016136329362087,
  "りませ": 0.0003016136329362087,
  "たから": 0.0003016136329362087,
  "ったん": 0.0003016136329362087,
  "という": 0.0003016136329362087,
  "てない": 0.0003016136329362087,
  "ないあ": 0.0003016136329362087,
  "いあな": 0.0003016136329362087,
  "持って": 0.0003016136329362087,
  "れはか": 0.0003016136329362087,
  "てかれ": 0.0003016136329362087,
  "とても": 0.0003016136329362087,
  "なたを": 0.0003016136329362087,
  "とがで": 0.0003016136329362087,
  "これを": 0.0003016136329362087,
  "ますそ": 0.0003016136329362087,
  "したの": 0.0003016136329362087,
  "がいい": 0.0003016136329362087,
  "正しい": 0.0003016136329362087,
  "るのか": 0.0003016136329362087,
  "ってや": 0.0003016136329362087,
  "を助け": 0.00027145226964258787,
  "と同じ": 0.00027145226964258787,
  "いんだ": 0.00027145226964258787,
  "なけれ": 0.00027145226964258787,
  "来ない": 0.00027145226964258787,
  "てきた": 0.00027145226964258787,
  "まった": 0.00027145226964258787,
  "それか": 0.00027145226964258787,
  "るあな": 0.00027145226964258787,
  "てるの": 0.00027145226964258787,
  "るだろ": 0.00027145226964258787,
  "お前は": 0.00027145226964258787,
  "ない彼": 0.00027145226964258787,
  "もっと": 0.00027145226964258787,
  "ここに": 0.00027145226964258787,
  "わから": 0.00027145226964258787,
  "たのは": 0.00027145226964258787,
  "ていな": 0.00027145226964258787,
  "れたも": 0.00027145226964258787,
  "れるの": 0.00027145226964258787,
  "るそれ": 0.00027145226964258787,
  "それは": 0.00027145226964258787,
  "を持っ": 0.00027145226964258787,
  "にわれ": 0.00027145226964258787,
  "るかれ": 0.00027145226964258787,
  "うとし": 0.00027145226964258787,
  "されま": 0.00027145226964258787,
  "は言っ": 0.00027145226964258787,
  "きませ": 0.00027145226964258787,
  "できる": 0.00027145226964258787,
  "しまし": 0.00027145226964258787,
  "彼らは": 0.00027145226964258787,
  "いまし": 0.00027145226964258787,
  "聞いた": 0.00027145226964258787,
  "ようと": 0.00027145226964258787,