{
  "하나님": 0.006754474839581222,
  "나님은": 0.001998198806709445,
  "들에게": 0.0018011932905549926,
  "습니다": 0.0017167623550602275,
  "그들은": 0.001519756838905775,
  "그들이": 0.0014916131937408534,
  "너희가": 0.001407182258246088,
  "나님의": 0.0013790386130811663,
  "그리고": 0.0011257458065968705,
  "는자들": 0.0010976021614319486,
  "하는자": 0.0010976021614319486,
  "나님께": 0.0010694585162670269,
  "그들의": 0.0010413148711021052,
  "님께서": 0.0010413148711021052,
  "자들이": 0.0010413148711021052,
  "지아니": 0.0009568839356073398,
  "것이라": 0.0009287402904424181,
  "은그들": 0.0009005966452774963,
  "사람들": 0.0008443093549476528,
  "선지자": 0.0008443093549476528,
  "그들에": 0.0008443093549476528,
  "그들을": 0.0008443093549476528,
  "나님을": 0.0008161657097827311,
  "입니다": 0.0007598784194528875,
  "지못하": 0.0007598784194528875,
  "그러나": 0.0007598784194528875,
  "일러가": 0.0007317347742879658,
  "러가로": 0.0007317347742879658,
  "가로되": 0.0007317347742879658,
  "너희는": 0.0007317347742879658,
  "님은그": 0.0007317347742879658,
  "하리라": 0.0006754474839581223,
  "너희를": 0.0006754474839581223,
  "하고있": 0.0006473038387932005,
  "로하나": 0.0006473038387932005,
  "하지않": 0.0006473038387932005,
  "하는것": 0.0006191601936282788,
  "할수있": 0.0006191601936282788,
  "희에게": 0.000591016548463357,
  "모든것": 0.000591016548463357,
  "이라그": 0.000591016548463357,
  "하지만": 0.000591016548463357,
  "어떻게": 0.0005628729032984353,
  "할수없": 0.0005628729032984353,
  "로하여": 0.0005628729032984353,
  "것으로": 0.0005628729032984353,
  "우리가": 0.0005628729032984353,
  "심이라": 0.0005628729032984353,
  "아니하": 0.0005628729032984353,
  "라하나": 0.0005628729032984353,
  "나님이": 0.0005628729032984353,
  "하여그": 0.0005628729032984353,
  "는거야": 0.0005347292581335134,
  "라실로": 0.0005347292581335134,
  "백성들": 0.0005347292581335134,
  "그분의": 0.0005347292581335134,
  "라그들": 0.0005347292581335134,
  "로부터": 0.0005347292581335134,
  "너희에": 0.0005347292581335134,
  "그래서": 0.0005065856129685917,
  "있습니": 0.0005065856129685917,
  "에있는": 0.0005065856129685917,
  "라그러": 0.0005065856129685917,
  "은하나": 0.0005065856129685917,
  "그렇게": 0.0005065856129685917,
  "그분은": 0.0004784419678036699,
  "충만하": 0.0004784419678036699,
  "자들을": 0.0004784419678036699,
  "니하나": 0.0004784419678036699,
  "하더라": 0.0004784419678036699,
  "자들에": 0.0004784419678036699,
  "하심이": 0.0004784419678036699,
  "합니다": 0.0004784419678036699,
  "하지아": 0.0004784419678036699,
  "그것은": 0.0004784419678036699,
  "노라그": 0.0004784419678036699,
  "당신은": 0.0004784419678036699,
  "시니라": 0.00045029832263874815,
  "들은그": 0.00045029832263874815,
  "하여금": 0.00045029832263874815,
  "우리는": 0.00045029832263874815,
  "실로하": 0.00045029832263874815,
  "수있는": 0.00045029832263874815,
  "가운데": 0.00045029832263874815,
  "라고말": 0.00045029832263874815,
  "고말하": 0.00045029832263874815,
  "로충만": 0.0004221546774738264,
  "고있는": 0.0004221546774738264,
  "의백성": 0.0004221546774738264,
  "그분께": 0.0004221546774738264,
  "들이라": 0.0004221546774738264,
  "불신자": 0.0004221546774738264,
  "을것이": 0.0004221546774738264,
  "에대한": 0.0003940110323089047,
  "니그들": 0.0003940110323089047,
  "는너희": 0.0003940110323089047,
  "믿는자": 0.0003940110323089047,
  "이아니": 0.0003940110323089047,
  "지말라": 0.0003940110323089047,
  "는사람": 0.0003940110323089047,
  "들이그": 0.0003940110323089047,
  "있어요": 0.0003940110323089047,
  "두려워": 0.0003940110323089047,
  "려워하": 0.0003940110323089047,
  "나님과": 0.0003940110323089047,
  "는하나": 0.0003940110323089047,
  "이것은": 0.0003658673871439829,
  "nam": 0.0003658673871439829,
  "ame": 0.0003658673871439829,
  "거예요": 0.0003658673871439829,
  "라너희": 0.0003658673871439829,
  "하는거": 0.0003658673871439829,
  "아니면": 0.0003658673871439829,
  "아버지": 0.0003658673871439829,
  "고계시": 0.0003658673871439829,
  "가그들": 0.0003658673871439829,
  "nbs": 0.0003658673871439829,
  "bsp": 0.0003658673871439829,
  "행하는": 0.0003658673871439829,
  "을알고": 0.0003658673871439829,
  "게아니": 0.0003658673871439829,
  "하였으": 0.0003658673871439829,
  "에게는": 0.0003658673871439829,
  "한자들": 0.0003658673871439829,
  "말하길": 0.0003658673871439829,
  "이하나": 0.00033772374197906115,
  "니다그": 0.00033772374197906115,
  "없노라": 0.00033772374197906115,
  "께서그": 0.00033772374197906115,
  "그것을": 0.00033772374197906115,
  "하여주": 0.00033772374197906115,
  "이라고": 0.00033772374197906115,
  "당신이": 0.00033772374197906115,
  "는모든": 0.00033772374197906115,
  "으로부": 0.00033772374197906115,
  "이있었": 0.00033772374197906115,
  "알고있": 0.00033772374197906115,
  "고생각": 0.00033772374197906115,
  "것이며": 0.00033772374197906115,
  "고있어": 0.00033772374197906115,
  "들을위": 0.00033772374197906115,
  "을두려": 0.00033772374197906115,
  "믿음을": 0.00033772374197906115,
  "당신의": 0.00033772374197906115,
  "때그들": 0.00033772374197906115,
  "든것을": 0.00033772374197906115,
  "하시니": 0.0003095800968141394,
  "고싶어": 0.0003095800968141394,
  "하여너": 0.0003095800968141394,
  "여너희": 0.0003095800968141394,
  "사람이": 0.0003095800968141394,
  "었노라": 0.0003095800968141394,
  "고그들": 0.0003095800968141394,
  "은혜를": 0.0003095800968141394,
  "의주님": 0.0003095800968141394,
  "요하지": 0.0003095800968141394,
  "알고계": 0.0003095800968141394,
  "을위해": 0.0003095800968141394,
  "님을두": 0.0003095800968141394,
  "라그리": 0.0003095800968141394,
  "것같아": 0.0003095800968141394,
  "그러므": 0.0003095800968141394,
  "러므로": 0.0003095800968141394,
  "순종하": 0.0003095800968141394,
  "다면그": 0.0003095800968141394,
  "그에게": 0.0003095800968141394,
  "의명령": 0.0003095800968141394,
  "신자들": 0.0003095800968141394,
  "뇨라고": 0.0003095800968141394,
  "주님을": 0.0002814364516492176,
  "주님께": 0.0002814364516492176,
  "어요그": 0.0002814364516492176,
  "말씀이": 0.0002814364516492176,
  "말씀을": 0.0002814364516492176,
  "아니라": 0.0002814364516492176,
  "주소서": 0.0002814364516492176,
  "도그들": 0.0002814364516492176,
  "그대에": 0.0002814364516492176,
  "서하나": 0.0002814364516492176,
  "지않을": 0.0002814364516492176,
  "다라고": 0.0002814364516492176,
  "하였노": 0.0002814364516492176,
  "였노라": 0.0002814364516492176,
  "있느뇨": 0.0002814364516492176,
  "기때문": 0.0002814364516492176,
  "자들은": 0.0002814364516492176,
  "하늘과": 0.0002814364516492176,
  "을따르": 0.0002814364516492176,
  "인도하": 0.0002814364516492176,
  "것을알": 0.0002814364516492176,
  "하느뇨": 0.0002814364516492176,
  "고있었": 0.0002814364516492176,
  "보상을": 0.0002814364516492176,
  "원하는": 0.0002814364516492176,
  "이시라": 0.0002814364516492176,
  "실로그": 0.00025329280648429586,
  "들이하": 0.00025329280648429586,
  "라일러": 0.00025329280648429586,
  "지자들": 0.00025329280648429586,
  "그것으": 0.00025329280648429586,
  "대에게": 0.00025329280648429586,
  "람들이": 0.00025329280648429586,
  "으리라": 0.00025329280648429586,
  "의모든": 0.00025329280648429586,
  "니다이": 0.00025329280648429586,
  "고너희": 0.00025329280648429586,
  "만하심": 0.00025329280648429586,
  "는것을": 0.00025329280648429586,
  "뿐이라": 0.00025329280648429586,
  "에게도": 0.00025329280648429586,
  "셨노라": 0.00025329280648429586,
  "함이라": 0.00025329280648429586,
  "을거역": 0.00025329280648429586,
  "나이다": 0.00025329280648429586,
  "이그들": 0.00025329280648429586,
  "때문이": 0.00025329280648429586,
  "을위한": 0.00025329280648429586,
  "을가진": 0.00025329280648429586,
  "었어요": 0.00025329280648429586,
  "은너희": 0.00025329280648429586,
  "는그들": 0.00025329280648429586,
  "아니에": 0.00025329280648429586,
  "니에요": 0.00025329280648429586,
  "때문에": 0.00025329280648429586,
  "느뇨라": 0.00025329280648429586,
  "이말하": 0.00025329280648429586,
  "지않는": 0.00025329280648429586,
  "님의명": 0.00025329280648429586,
  "이있는": 0.00022514916131937407,
  "지않아": 0.00022514916131937407,
  "요당신": 0.00022514916131937407,
  "거야이": 0.00022514916131937407,
  "하는데": 0.00022514916131937407,
  "다그들": 0.00022514916131937407,
  "실로나": 0.00022514916131937407,
  "로나는": 0.00022514916131937407,
  "있노라": 0.00022514916131937407,
  "을수없": 0.00022514916131937407,
  "수없노": 0.00022514916131937407,
  "천사들": 0.00022514916131937407,
  "하지못": 0.00022514916131937407,
  "라우리": 0.00022514916131937407,
  "하는건": 0.00022514916131937407,
  "분께서": 0.00022514916131937407,
  "하고그": 0.00022514916131937407,
  "에게말": 0.00022514916131937407,
  "있었던": 0.00022514916131937407,