{
  "nde": 0.00856904527185865,
  "van": 0.006502616212936983,
  "een": 0.0064267839538939865,
  "het": 0.005839083946310761,
  "ver": 0.005668461363464017,
  "aar": 0.005649503298703268,
  "end": 0.005327216197770532,
  "and": 0.005327216197770532,
  "ing": 0.005137635550163039,
  "dat": 0.004777432319708804,
  "oor": 0.004436187154015318,
  "den": 0.004417229089254569,
  "gen": 0.004227648441647077,
  "iet": 0.004208690376886328,
  "der": 0.004189732312125578,
  "ten": 0.004075983923561083,
  "nie": 0.004038067794039584,
  "rde": 0.003924319405475089,
  "ere": 0.0034503677864563586,
  "eni": 0.003374535527413362,
  "nge": 0.003374535527413362,
  "cht": 0.003222871009327368,
  "ord": 0.003147038750284371,
  "ter": 0.003071206491241374,
  "env": 0.0030332903617198755,
  "ste": 0.0030143322969591263,
  "sch": 0.002976416167437628,
  "ijn": 0.002976416167437628,
  "voo": 0.0029574581026768788,
  "ati": 0.002881625843633882,
  "erd": 0.0027868355198301356,
  "ent": 0.0027678774550693864,
  "ens": 0.0027678774550693864,
  "ene": 0.002729961325547888,
  "ege": 0.002711003260787139,
  "aan": 0.002711003260787139,
  "eve": 0.0026730871312656405,
  "enw": 0.0026730871312656405,
  "ken": 0.0026541290665048913,
  "eer": 0.0026541290665048913,
  "tis": 0.0025214226131796465,
  "nhe": 0.0025214226131796465,
  "ete": 0.002483506483658148,
  "die": 0.0024455903541366498,
  "eno": 0.002369758095093653,
  "ben": 0.002331841965572154,
  "ijk": 0.0022749677712899066,
  "wat": 0.0022560097065291575,
  "heb": 0.0022560097065291575,
  "ede": 0.0022370516417684083,
  "nen": 0.00219913551224691,
  "met": 0.0021801774474861607,
  "enh": 0.0021612193827254115,
  "ren": 0.0021612193827254115,
  "men": 0.0021422613179646623,
  "lij": 0.0021422613179646623,
  "est": 0.002104345188443164,
  "tie": 0.002104345188443164,
  "ebe": 0.002104345188443164,
  "lle": 0.002047470994160916,
  "nee": 0.0020095548646394176,
  "len": 0.0020095548646394176,
  "eli": 0.0020095548646394176,
  "maa": 0.0020095548646394176,
  "eri": 0.001971638735117919,
  "eng": 0.0018578903465534238,
  "ele": 0.0018578903465534238,
  "ena": 0.0018578903465534238,
  "the": 0.0018389322817926746,
  "ond": 0.0018389322817926746,
  "erk": 0.0018389322817926746,
  "waa": 0.0018389322817926746,
  "aat": 0.0018199742170319254,
  "zij": 0.0018199742170319254,
  "eme": 0.0017820580875104268,
  "eze": 0.0017631000227496777,
  "nva": 0.0017441419579889285,
  "ndi": 0.0017441419579889285,
  "tje": 0.00170622582846743,
  "eke": 0.001687267763706681,
  "enm": 0.001687267763706681,
  "mee": 0.001687267763706681,
  "ers": 0.001687267763706681,
  "nik": 0.0016683096989459315,
  "ind": 0.0016683096989459315,
  "ate": 0.0016493516341851823,
  "wee": 0.0016303935694244331,
  "ehe": 0.0016303935694244331,
  "uit": 0.0016303935694244331,
  "ien": 0.001611435504663684,
  "eda": 0.001611435504663684,
  "tge": 0.0015924774399029347,
  "oed": 0.0015735193751421855,
  "ove": 0.0015545613103814364,
  "eld": 0.0015545613103814364,
  "ewe": 0.001535603245620687,
  "nin": 0.0015166451808599378,
  "ema": 0.0015166451808599378,
  "wor": 0.0014787290513384394,
  "nwe": 0.0014597709865776902,
  "nda": 0.001440812921816941,
  "evo": 0.0014218548570561916,
  "eti": 0.0014028967922954424,
  "tde": 0.0014028967922954424,
  "tik": 0.0014028967922954424,
  "nne": 0.0014028967922954424,
  "mij": 0.0014028967922954424,
  "era": 0.0014028967922954424,
  "ree": 0.0013839387275346932,
  "gel": 0.0013839387275346932,
  "als": 0.0013839387275346932,
  "naa": 0.001364980662773944,
  "ein": 0.001364980662773944,
  "ech": 0.0013460225980131948,
  "doe": 0.0013460225980131948,
  "ier": 0.0013460225980131948,
  "all": 0.0013270645332524457,
  "ven": 0.0013081064684916965,
  "ach": 0.0013081064684916965,
  "ijd": 0.0013081064684916965,
  "eur": 0.001289148403730947,
  "dee": 0.001289148403730947,
  "tte": 0.001289148403730947,
  "nwa": 0.001289148403730947,
  "erg": 0.0012701903389701979,
  "tel": 0.0012701903389701979,
  "eet": 0.0012512322742094487,
  "wer": 0.0012512322742094487,
  "hij": 0.0012322742094486995,
  "dit": 0.0012322742094486995,
  "enb": 0.0012322742094486995,
  "del": 0.0012133161446879503,
  "sta": 0.0012133161446879503,
  "dan": 0.0012133161446879503,
  "enj": 0.0012133161446879503,
  "tme": 0.0012133161446879503,
  "nve": 0.001194358079927201,
  "moe": 0.001194358079927201,
  "rge": 0.001194358079927201,
  "nbe": 0.001194358079927201,
  "daa": 0.001194358079927201,
  "eid": 0.0011754000151664517,
  "tin": 0.0011754000151664517,
  "dig": 0.0011754000151664517,
  "eva": 0.0011754000151664517,
  "bij": 0.0011754000151664517,
  "rij": 0.0011754000151664517,
  "edi": 0.0011754000151664517,
  "ige": 0.0011754000151664517,
  "twe": 0.0011564419504057025,
  "rin": 0.0011564419504057025,
  "enk": 0.0011564419504057025,
  "lin": 0.0011564419504057025,
  "tee": 0.0011564419504057025,
  "che": 0.0011564419504057025,
  "raa": 0.0011564419504057025,
  "gee": 0.0011564419504057025,
  "ngv": 0.0011374838856449533,
  "gva": 0.0011374838856449533,
  "dez": 0.0011374838856449533,
  "ets": 0.0011374838856449533,
  "wil": 0.0011374838856449533,
  "enz": 0.0011374838856449533,
  "nte": 0.0011185258208842041,
  "khe": 0.0011185258208842041,
  "ert": 0.0011185258208842041,
  "hie": 0.0011185258208842041,
  "gaa": 0.0011185258208842041,
  "ikh": 0.0011185258208842041,
  "etd": 0.001099567756123455,
  "kom": 0.001099567756123455,
  "kan": 0.001099567756123455,
  "ang": 0.001099567756123455,
  "nje": 0.001099567756123455,
  "etw": 0.0010806096913627058,
  "pro": 0.0010806096913627058,
  "gev": 0.0010806096913627058,
  "sen": 0.0010616516266019566,
  "anh": 0.0010616516266019566,
  "art": 0.0010616516266019566,
  "enn": 0.0010616516266019566,
  "ero": 0.0010426935618412072,
  "ikw": 0.0010426935618412072,
  "pen": 0.0010426935618412072,
  "wel": 0.0010426935618412072,
  "geb": 0.0010426935618412072,
  "hee": 0.0010426935618412072,
  "lie": 0.0010426935618412072,
  "ich": 0.001023735497080458,
  "twa": 0.001023735497080458,
  "laa": 0.0010047774323197088,
  "ern": 0.0010047774323197088,
  "erv": 0.0010047774323197088,
  "kin": 0.0010047774323197088,
  "iev": 0.0009858193675589596,
  "ant": 0.0009858193675589596,
  "nst": 0.0009858193675589596,
  "goe": 0.0009858193675589596,
  "lan": 0.0009858193675589596,
  "oet": 0.0009858193675589596,
  "deb": 0.0009858193675589596,
  "ker": 0.0009858193675589596,
  "tre": 0.0009668613027982104,
  "nme": 0.0009668613027982104,
  "eel": 0.0009668613027982104,
  "toe": 0.0009668613027982104,
  "rhe": 0.0009668613027982104,
  "etj": 0.0009479032380374611,
  "atd": 0.0009479032380374611,
  "bes": 0.0009479032380374611,
  "hte": 0.0009479032380374611,
  "ard": 0.0009479032380374611,
  "doo": 0.0009479032380374611,
  "erm": 0.0009479032380374611,
  "ite": 0.0009479032380374611,
  "aal": 0.0009479032380374611,
  "ari": 0.0009289451732767119,
  "kel": 0.0009099871085159627,
  "ded": 0.0009099871085159627,
  "ale": 0.0009099871085159627,
  "eth": 0.0009099871085159627,
  "ewa": 0.0009099871085159627,
  "lee": 0.0009099871085159627,
  "ger": 0.0009099871085159627,
  "ope": 0.0008910290437552134,
  "tal": 0.0008910290437552134,
  "ell": 0.0008910290437552134,
  "ist": 0.0008720709789944642,
  "tda": 0.0008720709789944642,
  "tbe": 0.0008720709789944642,
  "erz": 0.0008720709789944642,
  "min": 0.0008720709789944642,
  "ath": 0.0008720709789944642,
  "isc": 0.0008720709789944642,
  "jij": 0.000853112914233715,
  "ouw": 0.0008341548494729657,
  "atw": 0.0008341548494729657,
  "eta": 0.0008341548494729657,
  "wij": 0.0008341548494729657,
  "hoe": 0.0008341548494729657,
  "din": 0.0008341548494729657,
  "ezi": 0.0008341548494729657,
  "etm": 0.0008341548494729657,
  "des": 0.0008151967847122166,
  "rti": 0.0008151967847122166,
  "oen": 0.0008151967847122166,
  "mis": 0.0008151967847122166,
  "nal": 0.0008151967847122166,
  "oud": 0.0007962387199514674,
  "ied": 0.0007962387199514674,
  "epr": 0.0007962387199514674,
  "etg": 0.0007962387199514674,