{
  "det": 0.013242216298984859,
  "jeg": 0.009896217319798105,
  "kke": 0.0084784211421766,
  "rde": 0.007259116429422106,
  "ikk": 0.0070322690410026655,
  "erd": 0.006351726875744343,
  "ter": 0.006068167640220042,
  "ere": 0.0055577610162763,
  "for": 0.00550104916917144,
  "ede": 0.005104066239437419,
  "der": 0.004139964838654795,
  "har": 0.003941473373787785,
  "tte": 0.0037713378324732037,
  "den": 0.0036862700618159132,
  "til": 0.0036862700618159132,
  "han": 0.003629558214711053,
  "nne": 0.003544490444053763,
  "ete": 0.0034877785969489026,
  "deg": 0.0034877785969489026,
  "ett": 0.0034877785969489026,
  "ene": 0.003402710826291612,
  "ren": 0.003374354902739182,
  "end": 0.003260931208529462,
  "lle": 0.0032042193614246015,
  "nde": 0.0031475075143197412,
  "nge": 0.0031475075143197412,
  "med": 0.0030907956672148813,
  "ner": 0.003005727896557591,
  "ger": 0.0029490160494527306,
  "tde": 0.0028923042023478703,
  "enn": 0.0028639482787954406,
  "gen": 0.00277888050813815,
  "rdu": 0.00272216866103329,
  "ers": 0.00272216866103329,
  "ord": 0.0026654568139284295,
  "ste": 0.0026371008903759994,
  "mme": 0.0026087449668235696,
  "vil": 0.0025520331197187093,
  "hva": 0.002523677196166279,
  "ent": 0.002523677196166279,
  "ten": 0.0024386094255089887,
  "ing": 0.0024102535019565586,
  "rik": 0.0023818975784041284,
  "erh": 0.0023535416548516987,
  "men": 0.0023251857312992685,
  "ker": 0.0023251857312992685,
  "som": 0.0023251857312992685,
  "are": 0.0022684738841944082,
  "var": 0.002240117960641978,
  "kan": 0.002240117960641978,
  "eri": 0.002211762037089548,
  "meg": 0.002211762037089548,
  "ens": 0.0020983383428798278,
  "ler": 0.0020699824193273976,
  "lig": 0.0020699824193273976,
  "mer": 0.0020416264957749675,
  "ska": 0.0020416264957749675,
  "egh": 0.0020132705722225373,
  "dde": 0.001984914648670107,
  "ans": 0.001956558725117677,
  "vor": 0.001956558725117677,
  "etd": 0.001956558725117677,
  "ege": 0.001928202801565247,
  "eng": 0.001928202801565247,
  "and": 0.001928202801565247,
  "kom": 0.001899846878012817,
  "hvo": 0.0018714909544603868,
  "eti": 0.0018714909544603868,
  "eme": 0.0018431350309079566,
  "akk": 0.0018431350309079566,
  "est": 0.0018147791073555265,
  "rer": 0.0017864231838030965,
  "kje": 0.0017864231838030965,
  "jen": 0.0017864231838030965,
  "tje": 0.0017864231838030965,
  "egs": 0.0017580672602506664,
  "egv": 0.0017580672602506664,
  "min": 0.0017580672602506664,
  "ver": 0.0017580672602506664,
  "noe": 0.0017580672602506664,
  "gje": 0.0017580672602506664,
  "ret": 0.0017297113366982362,
  "gha": 0.0016729994895933761,
  "ard": 0.0016729994895933761,
  "kal": 0.0016729994895933761,
  "jør": 0.0016729994895933761,
  "her": 0.001644643566040946,
  "erf": 0.001644643566040946,
  "rje": 0.0016162876424885158,
  "res": 0.0016162876424885158,
  "ert": 0.0016162876424885158,
  "ell": 0.0016162876424885158,
  "rme": 0.0015879317189360857,
  "ide": 0.0015595757953836558,
  "ill": 0.0015595757953836558,
  "rte": 0.0015595757953836558,
  "vis": 0.0015595757953836558,
  "all": 0.0015312198718312256,
  "eth": 0.0015312198718312256,
  "lde": 0.0015312198718312256,
  "eje": 0.0015312198718312256,
  "erm": 0.0015028639482787954,
  "dre": 0.0015028639482787954,
  "tre": 0.0014745080247263653,
  "ted": 0.0014745080247263653,
  "vær": 0.0014461521011739351,
  "nje": 0.0014461521011739351,
  "etv": 0.0014461521011739351,
  "len": 0.0014461521011739351,
  "eer": 0.0014461521011739351,
  "inn": 0.0014461521011739351,
  "nes": 0.0014177961776215052,
  "ang": 0.0014177961776215052,
  "ets": 0.0014177961776215052,
  "red": 0.0014177961776215052,
  "omm": 0.0014177961776215052,
  "gjø": 0.0014177961776215052,
  "hun": 0.001389440254069075,
  "lik": 0.001389440254069075,
  "dem": 0.001389440254069075,
  "ort": 0.001389440254069075,
  "tdu": 0.0013327284069642148,
  "gde": 0.0013327284069642148,
  "enk": 0.0013327284069642148,
  "erv": 0.0013327284069642148,
  "opp": 0.0013043724834117848,
  "nsk": 0.0013043724834117848,
  "rfo": 0.0013043724834117848,
  "eha": 0.0012760165598593547,
  "alt": 0.0012760165598593547,
  "ned": 0.0012760165598593547,
  "era": 0.0012760165598593547,
  "ant": 0.0012476606363069245,
  "edd": 0.0012476606363069245,
  "duh": 0.0012476606363069245,
  "vet": 0.0012476606363069245,
  "enh": 0.0012476606363069245,
  "omd": 0.0012193047127544944,
  "nte": 0.0012193047127544944,
  "ild": 0.0012193047127544944,
  "bar": 0.0012193047127544944,
  "skj": 0.0012193047127544944,
  "ors": 0.0012193047127544944,
  "per": 0.0011909487892020642,
  "nen": 0.0011909487892020642,
  "tha": 0.0011909487892020642,
  "nha": 0.0011909487892020642,
  "ehv": 0.0011909487892020642,
  "rvi": 0.0011909487892020642,
  "due": 0.0011909487892020642,
  "erj": 0.0011625928656496343,
  "edu": 0.0011625928656496343,
  "uer": 0.0011625928656496343,
  "tet": 0.0011625928656496343,
  "ral": 0.0011342369420972041,
  "ade": 0.0011342369420972041,
  "tog": 0.0011342369420972041,
  "itt": 0.0011342369420972041,
  "gvi": 0.0011342369420972041,
  "ked": 0.0011342369420972041,
  "ken": 0.0011342369420972041,
  "ket": 0.0011342369420972041,
  "enm": 0.001105881018544774,
  "hje": 0.001105881018544774,
  "egd": 0.001105881018544774,
  "sen": 0.001105881018544774,
  "ine": 0.001105881018544774,
  "øre": 0.001105881018544774,
  "rha": 0.0010775250949923438,
  "mde": 0.0010775250949923438,
  "ven": 0.0010775250949923438,
  "nik": 0.0010775250949923438,
  "att": 0.0010491691714399139,
  "set": 0.0010491691714399139,
  "tro": 0.0010491691714399139,
  "ske": 0.0010491691714399139,
  "bli": 0.0010491691714399139,
  "ser": 0.0010491691714399139,
  "kes": 0.0010208132478874837,
  "åde": 0.0010208132478874837,
  "env": 0.0010208132478874837,
  "tik": 0.0010208132478874837,
  "eni": 0.0010208132478874837,
  "egj": 0.0010208132478874837,
  "ham": 0.0009924573243350536,
  "nvi": 0.0009924573243350536,
  "ndr": 0.0009924573243350536,
  "etj": 0.0009924573243350536,
  "vel": 0.0009924573243350536,
  "rat": 0.0009924573243350536,
  "sto": 0.0009924573243350536,
  "fra": 0.0009924573243350536,
  "tvi": 0.0009924573243350536,
  "ern": 0.0009924573243350536,
  "rst": 0.0009924573243350536,
  "atd": 0.0009641014007826235,
  "etm": 0.0009641014007826235,
  "oen": 0.0009641014007826235,
  "dig": 0.0009641014007826235,
  "eno": 0.0009357454772301934,
  "epå": 0.0009357454772301934,
  "efo": 0.0009357454772301934,
  "din": 0.0009357454772301934,
  "egi": 0.0009357454772301934,
  "rin": 0.0009357454772301934,
  "net": 0.0009357454772301934,
  "thv": 0.0009073895536777632,
  "tak": 0.0009073895536777632,
  "erb": 0.0009073895536777632,
  "dus": 0.0009073895536777632,
  "gan": 0.0009073895536777632,
  "tfo": 0.0009073895536777632,
  "rda": 0.0009073895536777632,
  "rre": 0.0009073895536777632,
  "eli": 0.0009073895536777632,
  "ero": 0.0009073895536777632,
  "ise": 0.0009073895536777632,
  "ann": 0.0009073895536777632,
  "eto": 0.0008790336301253332,
  "kla": 0.0008790336301253332,
  "unn": 0.0008790336301253332,
  "tme": 0.0008790336301253332,
  "tti": 0.0008790336301253332,
  "ove": 0.0008790336301253332,
  "eta": 0.0008790336301253332,
  "err": 0.0008790336301253332,
  "enj": 0.000850677706572903,
  "des": 0.000850677706572903,
  "els": 0.000850677706572903,
  "egt": 0.000850677706572903,
  "egg": 0.000850677706572903,
  "lan": 0.000850677706572903,
  "ist": 0.000850677706572903,
  "ese": 0.000850677706572903,
  "kel": 0.000850677706572903,
  "hel": 0.000850677706572903,
  "eld": 0.000850677706572903,
  "tor": 0.000850677706572903,
  "ame": 0.000850677706572903,
  "ane": 0.000822321783020473,
  "rhe": 0.000822321783020473,
  "egk": 0.000822321783020473,
  "hen": 0.000822321783020473,
  "oss": 0.000822321783020473,
  "nta": 0.000822321783020473,
  "tva": 0.000822321783020473,
  "ele": 0.000822321783020473,
  "esk": 0.000822321783020473,
  "eve": 0.000822321783020473,
  "duk": 0.000822321783020473,
  "age": 0.000822321783020473,
  "nei": 0.000822321783020473,