{
  "ਫਇਲ": 0.005503727702096101,
  "ਕਰਨ": 0.0049962918146688,
  "ਡਸਕ": 0.0031226823841680003,
  "ਜਰਹ": 0.0030446153245638004,
  "ame": 0.0029665482649596,
  "ਰਹਹ": 0.0029275147351575004,
  "nam": 0.0028884812053554003,
  "ਜਸਕ": 0.0028494476755533,
  "ਵਰਤ": 0.0026933135563449004,
  "ਕਤਜ": 0.0025371794371365003,
  "ਸਕਦ": 0.0024981459073344,
  "ਣਲਈ": 0.0023029782583239003,
  "ਮਜਦ": 0.0021468441391155,
  "ਗਲਤ": 0.0020687770795113003,
  "ਟਰਕ": 0.0020297435497092,
  "ਬਦਲ": 0.0019907100199071004,
  "ਨਲਈ": 0.0019516764901050003,
  "ਨਹਹ": 0.0019516764901050003,
  "ਪਰਟ": 0.0018736094305008002,
  "ਰਨਲ": 0.0017955423708966001,
  "ਲਕਰ": 0.0017955423708966001,
  "ਨਹਜ": 0.0017174753112924003,
  "ਕਦਹ": 0.0017174753112924003,
  "ਕਸਨ": 0.0016394082516882002,
  "ਹਜਸ": 0.0016394082516882002,
  "ਚਹਦ": 0.0015613411920840001,
  "ਕਰਸ": 0.0015613411920840001,
  "ਟਕਰ": 0.0015223076622819002,
  "ਹਦਹ": 0.0015223076622819002,
  "ਸਨਹ": 0.0015223076622819002,
  "ਰਜਕ": 0.0015223076622819002,
  "ਸਟਮ": 0.0014832741324798,
  "ਕਲਕ": 0.0014442406026777001,
  "ਜਕਟ": 0.0014442406026777001,
  "ਤਜਰ": 0.0014052070728756002,
  "ਪਰਜ": 0.0014052070728756002,
  "ਸਕਰ": 0.0013661735430735,
  "ਰਕਰ": 0.0013661735430735,
  "ਖਲਹ": 0.0013271400132714001,
  "ਈਮਜ": 0.0013271400132714001,
  "ਚਤਰ": 0.0013271400132714001,
  "ਕਨਕ": 0.0012881064834693002,
  "ਸਮਲ": 0.0012881064834693002,
  "ਰਨਹ": 0.0012881064834693002,
  "ਲਖਣ": 0.0012881064834693002,
  "men": 0.0012490729536672,
  "ਕਟਰ": 0.0012490729536672,
  "ਸਸਟ": 0.0012490729536672,
  "ਰਸਕ": 0.0012490729536672,
  "ਣਕਰ": 0.0012490729536672,
  "ਨਹਕ": 0.0012100394238651001,
  "ਟਵਰ": 0.0012100394238651001,
  "ਲਗਇ": 0.0011319723642609,
  "ਗਇਨ": 0.0011319723642609,
  "ਲਕਲ": 0.0011319723642609,
  "ਲਡਰ": 0.0011319723642609,
  "ਲਸਟ": 0.0011319723642609,
  "ਆਨਹ": 0.0011319723642609,
  "ਨਕਰ": 0.0010929388344588001,
  "ਰਸਰ": 0.0010929388344588001,
  "ਕਕਰ": 0.0010929388344588001,
  "ਕਤਸ": 0.0010929388344588001,
  "com": 0.0010539053046567002,
  "ent": 0.0010539053046567002,
  "ਦਰਨ": 0.0010539053046567002,
  "ਲਡਕ": 0.0010539053046567002,
  "ਉਤਲ": 0.0010539053046567002,
  "ਫਲਡ": 0.0010539053046567002,
  "ਕਰਦ": 0.0010539053046567002,
  "ਹਇਕ": 0.0010539053046567002,
  "ਦਕਰ": 0.0010539053046567002,
  "kde": 0.0010148717748546,
  "dvd": 0.0010148717748546,
  "ਸਰਵ": 0.0010148717748546,
  "ਰਵਰ": 0.0010148717748546,
  "ਕਰਕ": 0.0010148717748546,
  "ਸਭਲ": 0.0009758382450525001,
  "ਪਲਗ": 0.0009758382450525001,
  "ਪਲਅ": 0.0009758382450525001,
  "ਸਟਕ": 0.0009758382450525001,
  "ਜਣਕ": 0.0009758382450525001,
  "ਬਣਉ": 0.0009758382450525001,
  "ਰਟਕ": 0.0009368047152504001,
  "omm": 0.0009368047152504001,
  "ਕਰਪ": 0.0009368047152504001,
  "ਡਕਰ": 0.0009368047152504001,
  "ਨਹਲ": 0.0009368047152504001,
  "ਮਲਕ": 0.0009368047152504001,
  "ਸਕਆ": 0.0009368047152504001,
  "ਕਸਟ": 0.0009368047152504001,
  "ਕਉਤ": 0.0008977711854483001,
  "ਹਕਤ": 0.0008977711854483001,
  "ਸਟਰ": 0.0008977711854483001,
  "ਸਕਟ": 0.0008977711854483001,
  "ਫਲਹ": 0.0008587376556462001,
  "ਕਸਮ": 0.0008587376556462001,
  "mme": 0.0008587376556462001,
  "ਵਰਕ": 0.0008587376556462001,
  "ਫਲਟ": 0.0008197041258441001,
  "ਪਰਸ": 0.0008197041258441001,
  "ਰਲਈ": 0.0008197041258441001,
  "ਇਲਨ": 0.0008197041258441001,
  "ਰਨਵ": 0.0008197041258441001,
  "ਸਵਰ": 0.0008197041258441001,
  "ਰਗਰ": 0.0008197041258441001,
  "ਰਮਟ": 0.0008197041258441001,
  "ਇਪਰ": 0.0007806705960420001,
  "ਹਹਨ": 0.0007806705960420001,
  "ਆਜਰ": 0.0007806705960420001,
  "ਟਰਲ": 0.0007806705960420001,
  "ਰਜਨ": 0.0007806705960420001,
  "ਸਕਨ": 0.0007806705960420001,
  "ਤਹਡ": 0.0007806705960420001,
  "ਣਚਹ": 0.0007806705960420001,
  "ਣਉਣ": 0.0007806705960420001,
  "ਬਦਕ": 0.0007806705960420001,
  "ਲਟਰ": 0.0007416370662399,
  "ਬਰਰ": 0.0007416370662399,
  "ਨਸਰ": 0.0007416370662399,
  "ਪਰਕ": 0.0007416370662399,
  "ਇਲਸ": 0.0007416370662399,
  "ਕਰਵ": 0.0007416370662399,
  "ਨਟਵ": 0.0007416370662399,
  "ਕਰਜ": 0.0007416370662399,
  "ਨਲਡ": 0.0007416370662399,
  "ਐਪਲ": 0.0007416370662399,
  "ਰਕਨ": 0.0007026035364378001,
  "ਤਫਇ": 0.0007026035364378001,
  "ਹਟਉ": 0.0007026035364378001,
  "ਬਰਸ": 0.0007026035364378001,
  "ਕਮਡ": 0.0007026035364378001,
  "ਰਵਚ": 0.0007026035364378001,
  "ਸਫਲ": 0.0007026035364378001,
  "ਦਸਤ": 0.0007026035364378001,
  "ਰਨਦ": 0.0007026035364378001,
  "ਲਈਫ": 0.0006635700066357001,
  "ਸਰਚ": 0.0006635700066357001,
  "ਲਈਵ": 0.0006635700066357001,
  "ਉਣਲ": 0.0006635700066357001,
  "ਸਰਤ": 0.0006635700066357001,
  "ਵਰਜ": 0.0006635700066357001,
  "ਲਅਲ": 0.0006635700066357001,
  "ਵਡਓ": 0.0006635700066357001,
  "ਤਜਸ": 0.0006635700066357001,
  "ਦਹਜ": 0.0006635700066357001,
  "ਤਲਖ": 0.0006635700066357001,
  "ਕਮਟ": 0.0006635700066357001,
  "ਜਕਰ": 0.0006635700066357001,
  "ਲੜਦ": 0.0006635700066357001,
  "ਫਰਮ": 0.0006635700066357001,
  "ਲਕਸ": 0.0006635700066357001,
  "ਜਵਗ": 0.0006635700066357001,
  "ਪੜਹ": 0.0006635700066357001,
  "ਡਕਮ": 0.0006635700066357001,
  "ਆਡਓ": 0.0006245364768336,
  "ਲਇਬ": 0.0006245364768336,
  "ਇਬਰ": 0.0006245364768336,
  "ਹਟਓ": 0.0006245364768336,
  "ਰਚਨ": 0.0006245364768336,
  "ਡਰਸ": 0.0006245364768336,
  "ਸਕਉ": 0.0006245364768336,
  "ਰਕਟ": 0.0006245364768336,
  "ਲਈਸ": 0.0006245364768336,
  "ਲਨਹ": 0.0006245364768336,
  "ਲਈਇ": 0.0006245364768336,
  "ਰਪਰ": 0.0006245364768336,
  "ਹਲਭ": 0.0006245364768336,
  "ਈਮਲ": 0.0006245364768336,
  "ਨਗਲ": 0.0006245364768336,
  "ਟਮਟ": 0.0006245364768336,
  "ਸਹਇ": 0.0006245364768336,
  "ਡਊਨ": 0.0006245364768336,
  "ਊਨਲ": 0.0006245364768336,
  "ਤਹਨ": 0.0005855029470315001,
  "ਮਰਕ": 0.0005855029470315001,
  "inf": 0.0005855029470315001,
  "nfo": 0.0005855029470315001,
  "ਨਵਖ": 0.0005855029470315001,
  "ਨਕਸ": 0.0005855029470315001,
  "ਰਨਚ": 0.0005855029470315001,
  "ਧਕਰ": 0.0005855029470315001,
  "ਸਰਨ": 0.0005855029470315001,
  "ਸਟਲ": 0.0005855029470315001,
  "ਰਫਇ": 0.0005855029470315001,
  "ਮਨਜ": 0.0005855029470315001,
  "ਰਕਤ": 0.0005855029470315001,
  "ਟਨਹ": 0.0005855029470315001,
  "ਨਇਕ": 0.0005855029470315001,
  "ਕਸਸ": 0.0005855029470315001,
  "ਲਤਹ": 0.0005855029470315001,
  "ਜਫਇ": 0.0005855029470315001,
  "ਇਲਲ": 0.0005855029470315001,
  "ਦਕਸ": 0.0005855029470315001,
  "ਬਣਓ": 0.0005855029470315001,
  "ਕਟਪ": 0.0005855029470315001,
  "ਕਨਹ": 0.0005855029470315001,
  "ਨਲਸ": 0.0005855029470315001,
  "ਸਪਰ": 0.0005855029470315001,
  "ਰਸਨ": 0.0005855029470315001,
  "ਕਪਰ": 0.0005855029470315001,
  "ਕਈਮ": 0.0005855029470315001,
  "ਰਨਕ": 0.0005855029470315001,
  "ਹਪਰ": 0.0005464694172294001,
  "ਇਕਸ": 0.0005464694172294001,
  "ਤਰਲ": 0.0005464694172294001,
  "ਸਨਲ": 0.0005464694172294001,
  "ਡਇਰ": 0.0005464694172294001,
  "ਇਰਕ": 0.0005464694172294001,
  "ਲਈਮ": 0.0005464694172294001,
  "ਦਸਮ": 0.0005464694172294001,
  "ਟਸਨ": 0.0005464694172294001,
  "ਯਜਰ": 0.0005464694172294001,
  "ਰਪਟ": 0.0005464694172294001,
  "ਮਡਆ": 0.0005464694172294001,
  "ਟਕਣ": 0.0005464694172294001,
  "ਕਤਰ": 0.0005464694172294001,
  "ਨਵਚ": 0.0005464694172294001,
  "ਨna": 0.0005464694172294001,
  "ਹਲਤ": 0.0005464694172294001,
  "ਅਲਸ": 0.0005464694172294001,
  "ਹਚਣ": 0.0005464694172294001,
  "ਅਸਫ": 0.0005464694172294001,
  "ਰਨਗ": 0.0005464694172294001,
  "ਇਟਰ": 0.0005464694172294001,
  "ਗਰਮ": 0.0005464694172294001,
  "ਤਕਰ": 0.0005464694172294001,
  "ਈਕਨ": 0.0005464694172294001,
  "ਟਕਸ": 0.0005464694172294001,
  "ਨਵਰ": 0.0005464694172294001,
  "ਪਲਕ": 0.0005464694172294001,
  "ਤਰਹ": 0.0005464694172294001,
  "ਤਜਵ": 0.0005464694172294001,
  "ਚਣਆ": 0.0005464694172294001,
  "ਲਸਕ": 0.0005464694172294001,
  "ਰਤਣ": 0.0005074358874273,
  "ਵਚਸ": 0.0005074358874273,
  "ਆਹਨ": 0.0005074358874273,
  "ਸਟਸ": 0.0005074358874273,
  "ਅਧਕ": 0.0005074358874273,
  "ਇਸਟ": 0.0005074358874273,
  "ਟਫਕ": 0.0005074358874273,
  "ਚਣਕ": 0.0005074358874273,
  "ਬਲਕ": 0.0005074358874273,
  "ਲਕਨ": 0.0005074358874273,
  "ਬਟਨ": 0.0005074358874273,
  "ਲਈਨ": 0.0005074358874273,
  "ਨਜਰ": 0.0005074358874273,
  "ਤਲਈ": 0.0005074358874273,
  "ਆਉਟ": 0.0005074358874273,
  "ਰਕਵ": 0.0005074358874273,
  "ਦਦਹ": 0.0005074358874273,
  "ਆਪਣ": 0.0005074358874273,
  "ਲਲਈ": 0.0005074358874273,
  "ਜਸਟ": 0.0005074358874273,
  "ਣਵਚ": 0.0005074358874273,
  "ਜਦਸ": 0.0005074358874273,
  "ਪਕਰ": 0.0005074358874273,