{
  "nie": 0.012209918151179586,
  "dzi": 0.005507944150216658,
  "eni": 0.004872412132883967,
  "rze": 0.004660568127106404,
  "prz": 0.00431391429947039,
  "ani": 0.0042753972075108325,
  "wie": 0.003928743379874819,
  "ego": 0.0038131921039961485,
  "nia": 0.0036013480982185846,
  "sta": 0.003582089552238806,
  "jes": 0.003505055368319692,
  "est": 0.003447279730380356,
  "się": 0.0034087626384207994,
  "owa": 0.0032354357246027923,
  "iem": 0.0029080404429465577,
  "ych": 0.0028695233509870004,
  "zie": 0.0027924891670678864,
  "cze": 0.002696196437168994,
  "cie": 0.002561386615310544,
  "rzy": 0.002561386615310544,
  "iej": 0.002407318247472316,
  "czy": 0.0022532498796340875,
  "owi": 0.002195474241694752,
  "esz": 0.0021762156957149735,
  "ied": 0.0021762156957149735,
  "zen": 0.002156957149735195,
  "iec": 0.002118440057775638,
  "pra": 0.0020991815117958595,
  "ien": 0.002079922965816081,
  "ści": 0.0020221473278767455,
  "ies": 0.0019643716899374096,
  "pro": 0.0019643716899374096,
  "ale": 0.0019451131439576312,
  "iał": 0.0019258545979778526,
  "ost": 0.0019258545979778526,
  "wan": 0.0019258545979778526,
  "oni": 0.0018488204140587386,
  "ier": 0.001752527684159846,
  "ecz": 0.0016947520462205104,
  "iew": 0.0016754935002407318,
  "raw": 0.0016562349542609534,
  "orz": 0.0016177178623013962,
  "pow": 0.0016177178623013962,
  "ona": 0.0015984593163216178,
  "por": 0.0015984593163216178,
  "iep": 0.0015792007703418392,
  "mni": 0.0015406836783822821,
  "ste": 0.0015406836783822821,
  "awi": 0.0015406836783822821,
  "asz": 0.0015214251324025035,
  "ała": 0.0015214251324025035,
  "yst": 0.0015214251324025035,
  "mie": 0.0015214251324025035,
  "roz": 0.0014829080404429465,
  "pod": 0.0014829080404429465,
  "nyc": 0.0014829080404429465,
  "dni": 0.0014829080404429465,
  "rob": 0.0014829080404429465,
  "oje": 0.0014829080404429465,
  "epr": 0.0014443909484833895,
  "iez": 0.001425132402503611,
  "cho": 0.0014058738565238325,
  "ają": 0.0014058738565238325,
  "obi": 0.001386615310544054,
  "acz": 0.0013673567645642753,
  "jąc": 0.0013673567645642753,
  "ana": 0.001348098218584497,
  "czn": 0.001348098218584497,
  "ami": 0.001348098218584497,
  "edz": 0.001348098218584497,
  "odz": 0.0013288396726047183,
  "ejs": 0.0012903225806451613,
  "ośc": 0.0012903225806451613,
  "zna": 0.0012903225806451613,
  "owy": 0.0012710640346653827,
  "zas": 0.0012710640346653827,
  "jak": 0.0012518054886856043,
  "moż": 0.0012518054886856043,
  "oże": 0.0012518054886856043,
  "och": 0.0012325469427058257,
  "tak": 0.0012132883967260473,
  "cza": 0.0011940298507462687,
  "iet": 0.0011940298507462687,
  "zys": 0.0011940298507462687,
  "trz": 0.0011940298507462687,
  "str": 0.00117477130476649,
  "rzą": 0.00117477130476649,
  "ałe": 0.00117477130476649,
  "łam": 0.0011555127587867117,
  "chc": 0.0011555127587867117,
  "szy": 0.0011555127587867117,
  "ach": 0.0011555127587867117,
  "wsz": 0.0011555127587867117,
  "sze": 0.0011555127587867117,
  "ząd": 0.0011555127587867117,
  "łem": 0.001136254212806933,
  "kie": 0.001136254212806933,
  "eje": 0.001136254212806933,
  "stw": 0.001136254212806933,
  "ane": 0.001136254212806933,
  "ini": 0.001136254212806933,
  "ech": 0.0011169956668271544,
  "dze": 0.0011169956668271544,
  "acj": 0.0011169956668271544,
  "adz": 0.001097737120847376,
  "oko": 0.0010784785748675974,
  "ina": 0.0010784785748675974,
  "zia": 0.0010784785748675974,
  "kon": 0.0010784785748675974,
  "tow": 0.0010784785748675974,
  "ust": 0.001059220028887819,
  "rac": 0.001059220028887819,
  "pie": 0.001059220028887819,
  "wia": 0.001059220028887819,
  "era": 0.0010399614829080404,
  "szc": 0.0010207029369282618,
  "eci": 0.0010207029369282618,
  "nas": 0.0010207029369282618,
  "zpo": 0.0010207029369282618,
  "któ": 0.0010207029369282618,
  "tan": 0.0010207029369282618,
  "sto": 0.0010207029369282618,
  "emo": 0.0010207029369282618,
  "raz": 0.0010207029369282618,
  "wsp": 0.0010014443909484834,
  "epo": 0.0010014443909484834,
  "art": 0.0010014443909484834,
  "apo": 0.0010014443909484834,
  "pan": 0.0010014443909484834,
  "noś": 0.0009821858449687048,
  "iek": 0.0009821858449687048,
  "zeg": 0.0009821858449687048,
  "apr": 0.0009821858449687048,
  "ywa": 0.0009821858449687048,
  "spr": 0.0009629272989889263,
  "tór": 0.0009629272989889263,
  "ian": 0.0009629272989889263,
  "cha": 0.0009629272989889263,
  "uje": 0.0009629272989889263,
  "ent": 0.0009629272989889263,
  "ich": 0.0009436687530091478,
  "bie": 0.0009436687530091478,
  "ycz": 0.0009436687530091478,
  "icz": 0.0009436687530091478,
  "owe": 0.0009436687530091478,
  "isz": 0.0009244102070293693,
  "now": 0.0009244102070293693,
  "tem": 0.0009244102070293693,
  "oto": 0.0009244102070293693,
  "esi": 0.0009051516610495908,
  "sza": 0.0009051516610495908,
  "zcz": 0.0008858931150698122,
  "ewi": 0.0008858931150698122,
  "zec": 0.0008858931150698122,
  "dla": 0.0008858931150698122,
  "cia": 0.0008858931150698122,
  "mus": 0.0008858931150698122,
  "opo": 0.0008858931150698122,
  "dob": 0.0008858931150698122,
  "obr": 0.0008858931150698122,
  "two": 0.0008858931150698122,
  "amo": 0.0008858931150698122,
  "nap": 0.0008858931150698122,
  "tym": 0.0008858931150698122,
  "omi": 0.0008666345690900337,
  "ięc": 0.0008666345690900337,
  "ędz": 0.0008666345690900337,
  "dow": 0.0008666345690900337,
  "oty": 0.0008666345690900337,
  "ądz": 0.0008666345690900337,
  "ony": 0.0008473760231102552,
  "row": 0.0008473760231102552,
  "ema": 0.0008473760231102552,
  "ast": 0.0008473760231102552,
  "rod": 0.0008473760231102552,
  "zym": 0.0008473760231102552,
  "był": 0.0008473760231102552,
  "ieb": 0.0008281174771304767,
  "kow": 0.0008281174771304767,
  "aje": 0.0008281174771304767,
  "opr": 0.0008281174771304767,
  "sow": 0.0008281174771304767,
  "niu": 0.0008281174771304767,
  "ocz": 0.0008281174771304767,
  "woj": 0.0008281174771304767,
  "wię": 0.0008088589311506981,
  "nic": 0.0008088589311506981,
  "tro": 0.0008088589311506981,
  "zes": 0.0008088589311506981,
  "nal": 0.0008088589311506981,
  "any": 0.0008088589311506981,
  "zyw": 0.0008088589311506981,
  "yni": 0.0007896003851709196,
  "ter": 0.0007896003851709196,
  "nad": 0.0007896003851709196,
  "zro": 0.0007896003851709196,
  "ozp": 0.0007896003851709196,
  "tra": 0.0007896003851709196,
  "naj": 0.0007896003851709196,
  "spó": 0.0007703418391911411,
  "zos": 0.0007703418391911411,
  "ący": 0.0007703418391911411,
  "cji": 0.0007703418391911411,
  "naw": 0.0007703418391911411,
  "ako": 0.0007510832932113626,
  "neg": 0.0007510832932113626,
  "zam": 0.0007510832932113626,
  "ate": 0.0007510832932113626,
  "amy": 0.0007510832932113626,
  "stk": 0.0007510832932113626,
  "mam": 0.0007510832932113626,
  "spo": 0.0007510832932113626,
  "kom": 0.0007318247472315841,
  "ena": 0.0007318247472315841,
  "zan": 0.0007318247472315841,
  "odn": 0.0007318247472315841,
  "ypr": 0.0007318247472315841,
  "emy": 0.0007318247472315841,
  "nym": 0.0007318247472315841,
  "200": 0.0007318247472315841,
  "mis": 0.0007125662012518055,
  "uro": 0.0007125662012518055,
  "eza": 0.0007125662012518055,
  "eto": 0.0007125662012518055,
  "mia": 0.0007125662012518055,
  "ros": 0.0007125662012518055,
  "gon": 0.0007125662012518055,
  "ypo": 0.0007125662012518055,
  "chw": 0.0007125662012518055,
  "poz": 0.0007125662012518055,
  "odo": 0.0007125662012518055,
  "tyc": 0.0007125662012518055,
  "aci": 0.0007125662012518055,
  "óln": 0.000693307655272027,
  "aza": 0.000693307655272027,
  "wni": 0.000693307655272027,
  "pot": 0.000693307655272027,
  "iel": 0.000693307655272027,
  "zni": 0.000693307655272027,
  "ran": 0.000693307655272027,
  "ama": 0.000693307655272027,
  "lub": 0.000693307655272027,
  "eśl": 0.000693307655272027,
  "ski": 0.0006740491092922485,
  "omo": 0.0006740491092922485,
  "oza": 0.0006740491092922485,
  "eby": 0.0006740491092922485,
  "ion": 0.0006740491092922485,
  "ali": 0.0006740491092922485,
  "god": 0.0006740491092922485,
  "awd": 0.0006740491092922485,