{
  "que": 0.009613978651849686,
  "est": 0.00743895306331335,
  "ent": 0.0063971340839304,
  "ode": 0.004605936540429887,
  "nte": 0.004514548910659453,
  "com": 0.00447799385875128,
  "não": 0.00447799385875128,
  "ara": 0.004404883754934932,
  "ado": 0.004276941073256324,
  "par": 0.004148998391577716,
  "con": 0.004130720865623629,
  "men": 0.0039845006579909345,
  "ade": 0.003874835502266413,
  "oqu": 0.003417897353414242,
  "ção": 0.003417897353414242,
  "dos": 0.0031985670419652,
  "sta": 0.003143734464102939,
  "res": 0.003125456938148852,
  "nto": 0.003107179412194765,
  "sde": 0.0029244041526538967,
  "ose": 0.00290612662669981,
  "ese": 0.002887849100745723,
  "ame": 0.0028512940488375493,
  "des": 0.002796461470975289,
  "uma": 0.002778183945021202,
  "ida": 0.0026136862114344204,
  "por": 0.002540576107618073,
  "aqu": 0.002522298581663986,
  "aco": 0.002467466003801725,
  "ada": 0.002467466003801725,
  "ste": 0.0024309109518935515,
  "tra": 0.0024126334259394647,
  "iss": 0.002357800848077204,
  "mos": 0.0023212457961690304,
  "ica": 0.0023212457961690304,
  "das": 0.0023029682702149436,
  "ont": 0.00226641321830677,
  "ela": 0.0022298581663985962,
  "açã": 0.0021933031144904225,
  "sso": 0.0021933031144904225,
  "odo": 0.0021750255885363357,
  "dad": 0.0021750255885363357,
  "era": 0.0021750255885363357,
  "ase": 0.002138470536628162,
  "ele": 0.002138470536628162,
  "ten": 0.002120193010674075,
  "ome": 0.002120193010674075,
  "ter": 0.0020653604328118146,
  "ãod": 0.0020653604328118146,
  "oco": 0.0019922503289954673,
  "ses": 0.0019739728030413804,
  "ess": 0.0019374177511332065,
  "pre": 0.0019374177511332065,
  "are": 0.0019191402251791197,
  "ist": 0.0019191402251791197,
  "stá": 0.0019008626992250328,
  "ede": 0.0019008626992250328,
  "sto": 0.0018643076473168591,
  "ere": 0.0018643076473168591,
  "sse": 0.0018460301213627723,
  "pro": 0.0018460301213627723,
  "ant": 0.0018277525954086854,
  "tem": 0.0017911975435005118,
  "osd": 0.0017911975435005118,
  "ria": 0.001772920017546425,
  "per": 0.001772920017546425,
  "ais": 0.001754642491592338,
  "ees": 0.0017363649656382512,
  "tod": 0.0017363649656382512,
  "ass": 0.0017180874396841644,
  "sco": 0.0017180874396841644,
  "nta": 0.0016998099137300775,
  "art": 0.0016998099137300775,
  "tos": 0.0016998099137300775,
  "omo": 0.0016815323877759907,
  "ran": 0.0016815323877759907,
  "ito": 0.0016632548618219038,
  "equ": 0.0016632548618219038,
  "esp": 0.001644977335867817,
  "ora": 0.0016084222839596433,
  "ote": 0.0016084222839596433,
  "ndo": 0.0016084222839596433,
  "tar": 0.0015718672320514694,
  "oda": 0.0015718672320514694,
  "oss": 0.0015535897060973826,
  "eco": 0.0015353121801432957,
  "ore": 0.0015170346541892089,
  "tes": 0.001498757128235122,
  "squ": 0.0014804796022810352,
  "eri": 0.0014804796022810352,
  "qua": 0.0014804796022810352,
  "sen": 0.0014622020763269484,
  "ema": 0.0014439245503728615,
  "rec": 0.0014439245503728615,
  "edi": 0.0014439245503728615,
  "ões": 0.0014439245503728615,
  "asa": 0.0014256470244187747,
  "uer": 0.0014256470244187747,
  "spe": 0.0014256470244187747,
  "nos": 0.0014256470244187747,
  "ãoe": 0.0014256470244187747,
  "são": 0.0014256470244187747,
  "tiv": 0.0014256470244187747,
  "osa": 0.0014256470244187747,
  "eme": 0.001389091972510601,
  "dep": 0.001389091972510601,
  "uee": 0.0013708144465565141,
  "sem": 0.0013708144465565141,
  "dec": 0.0013708144465565141,
  "emo": 0.0013525369206024273,
  "cia": 0.0013525369206024273,
  "amo": 0.0013525369206024273,
  "tad": 0.0013525369206024273,
  "ver": 0.0013342593946483404,
  "apa": 0.0013342593946483404,
  "aes": 0.0013342593946483404,
  "ssa": 0.0013159818686942536,
  "oes": 0.0013159818686942536,
  "ete": 0.0013159818686942536,
  "pos": 0.0012977043427401668,
  "ope": 0.0012977043427401668,
  "esd": 0.0012977043427401668,
  "igo": 0.0012977043427401668,
  "ntr": 0.0012977043427401668,
  "lar": 0.00127942681678608,
  "ons": 0.00127942681678608,
  "qui": 0.001261149290831993,
  "esa": 0.001261149290831993,
  "and": 0.001261149290831993,
  "ama": 0.0012428717648779062,
  "for": 0.0012428717648779062,
  "opo": 0.0012428717648779062,
  "ost": 0.0012428717648779062,
  "ram": 0.0012428717648779062,
  "str": 0.0012245942389238192,
  "min": 0.0012245942389238192,
  "mas": 0.0012063167129697323,
  "ano": 0.0012063167129697323,
  "dis": 0.0011880391870156455,
  "spo": 0.0011880391870156455,
  "ras": 0.0011880391870156455,
  "pod": 0.0011697616610615586,
  "eci": 0.0011697616610615586,
  "sti": 0.0011697616610615586,
  "ort": 0.0011697616610615586,
  "emp": 0.0011514841351074718,
  "asc": 0.001133206609153385,
  "dei": 0.001133206609153385,
  "spa": 0.001133206609153385,
  "egu": 0.001133206609153385,
  "ape": 0.0011149290831992981,
  "tas": 0.0011149290831992981,
  "çõe": 0.0011149290831992981,
  "ros": 0.0010966515572452113,
  "opa": 0.0010966515572452113,
  "ido": 0.0010966515572452113,
  "nde": 0.0010966515572452113,
  "cas": 0.0010783740312911244,
  "nho": 0.0010783740312911244,
  "ico": 0.0010783740312911244,
  "ser": 0.0010783740312911244,
  "osp": 0.0010783740312911244,
  "sas": 0.0010783740312911244,
  "rio": 0.0010783740312911244,
  "epa": 0.0010783740312911244,
  "uro": 0.0010783740312911244,
  "ava": 0.0010600965053370376,
  "aso": 0.0010418189793829507,
  "enh": 0.0010418189793829507,
  "ens": 0.0010418189793829507,
  "eir": 0.0010418189793829507,
  "rqu": 0.0010418189793829507,
  "obr": 0.0010418189793829507,
  "ala": 0.0010418189793829507,
  "dop": 0.0010418189793829507,
  "apr": 0.0010418189793829507,
  "ero": 0.0010418189793829507,
  "dee": 0.0010235414534288639,
  "tão": 0.0010235414534288639,
  "ert": 0.0010235414534288639,
  "eve": 0.0010235414534288639,
  "eum": 0.0010235414534288639,
  "onã": 0.0010235414534288639,
  "zer": 0.0010235414534288639,
  "rod": 0.0010235414534288639,
  "lho": 0.0010235414534288639,
  "ece": 0.001005263927474777,
  "dem": 0.001005263927474777,
  "doa": 0.001005263927474777,
  "cad": 0.001005263927474777,
  "faz": 0.001005263927474777,
  "ded": 0.001005263927474777,
  "ali": 0.001005263927474777,
  "mes": 0.001005263927474777,
  "asp": 0.001005263927474777,
  "car": 0.001005263927474777,
  "doe": 0.001005263927474777,
  "ina": 0.001005263927474777,
  "tro": 0.0009869864015206902,
  "rma": 0.0009869864015206902,
  "oma": 0.0009869864015206902,
  "fic": 0.0009869864015206902,
  "dea": 0.0009869864015206902,
  "ues": 0.0009869864015206902,
  "bem": 0.0009869864015206902,
  "man": 0.0009687088755666033,
  "rop": 0.0009687088755666033,
  "der": 0.0009687088755666033,
  "dev": 0.0009687088755666033,
  "asd": 0.0009687088755666033,
  "osn": 0.0009687088755666033,
  "nha": 0.0009687088755666033,
  "ois": 0.0009504313496125164,
  "eno": 0.0009504313496125164,
  "mai": 0.0009504313496125164,
  "rte": 0.0009504313496125164,
  "eit": 0.0009321538236584296,
  "rat": 0.0009321538236584296,
  "ura": 0.0009321538236584296,
  "pel": 0.0009321538236584296,
  "seu": 0.0009321538236584296,
  "iad": 0.0009321538236584296,
  "nci": 0.0009321538236584296,
  "eia": 0.0009321538236584296,
  "aro": 0.0009138762977043427,
  "mpo": 0.0009138762977043427,
  "tam": 0.0009138762977043427,
  "rti": 0.0009138762977043427,
  "end": 0.0009138762977043427,
  "ona": 0.0009138762977043427,
  "iro": 0.0009138762977043427,
  "emb": 0.0008955987717502559,
  "omi": 0.0008955987717502559,
  "rap": 0.0008955987717502559,
  "tou": 0.0008955987717502559,
  "ãos": 0.0008955987717502559,
  "raa": 0.0008955987717502559,
  "ori": 0.0008955987717502559,
  "epo": 0.0008955987717502559,
  "afa": 0.0008955987717502559,
  "ana": 0.0008955987717502559,
  "enã": 0.0008955987717502559,
  "uea": 0.000877321245796169,
  "inh": 0.000877321245796169,
  "apo": 0.000877321245796169,
  "ain": 0.000877321245796169,
  "rao": 0.000877321245796169,
  "rde": 0.000877321245796169,
  "eur": 0.000877321245796169,
  "int": 0.000877321245796169,
  "abe": 0.0008590437198420822,
  "cer": 0.0008590437198420822,