{
  "are": 0.006095064816920627,
  "est": 0.0040937002501705705,
  "ine": 0.004025471912667728,
  "ent": 0.004025471912667728,
  "rea": 0.003866272458494428,
  "ate": 0.0037525585626563564,
  "ntr": 0.003616101887650671,
  "sta": 0.0034114168751421424,
  "ele": 0.0030702751876279283,
  "ace": 0.0030702751876279283,
  "ede": 0.0029338185126222423,
  "ici": 0.002842847395951785,
  "tru": 0.002751876279281328,
  "ste": 0.002729133500113714,
  "tre": 0.002729133500113714,
  "ast": 0.0026609051626108713,
  "car": 0.0026154196042756424,
  "ere": 0.0025244484876051853,
  "tea": 0.0024562201501023423,
  "nte": 0.0022970206959290426,
  "int": 0.0022742779167614284,
  "pen": 0.0022515351375938138,
  "din": 0.0021378212417557424,
  "înc": 0.0021150784625881282,
  "sun": 0.002092335683420514,
  "unt": 0.002092335683420514,
  "cum": 0.0020695929042529,
  "ide": 0.0020695929042529,
  "mai": 0.002001364566750057,
  "art": 0.002001364566750057,
  "tat": 0.002001364566750057,
  "oar": 0.0019786217875824427,
  "ost": 0.0019558790084148285,
  "min": 0.0019103934500795997,
  "şti": 0.0019103934500795997,
  "eam": 0.0019103934500795997,
  "eîn": 0.0019103934500795997,
  "tor": 0.0019103934500795997,
  "men": 0.0018876506709119855,
  "eac": 0.001842165112576757,
  "dea": 0.0018194223334091425,
  "rec": 0.0018194223334091425,
  "lui": 0.0018194223334091425,
  "înt": 0.0017966795542415284,
  "fac": 0.0017966795542415284,
  "tul": 0.0017966795542415284,
  "eas": 0.0017511939959062998,
  "ica": 0.0017511939959062998,
  "ile": 0.001682965658403457,
  "enu": 0.001682965658403457,
  "ter": 0.0016602228792358426,
  "dec": 0.0016602228792358426,
  "ade": 0.0016374801000682284,
  "ece": 0.0016374801000682284,
  "ame": 0.001614737320900614,
  "res": 0.001614737320900614,
  "per": 0.001614737320900614,
  "con": 0.0015919945417329998,
  "pre": 0.0015919945417329998,
  "acu": 0.0015692517625653854,
  "eca": 0.0015692517625653854,
  "ces": 0.0015692517625653854,
  "lor": 0.0015237662042301568,
  "esc": 0.0015237662042301568,
  "eri": 0.0015237662042301568,
  "tel": 0.0015010234250625427,
  "aco": 0.0014782806458949283,
  "inu": 0.0014782806458949283,
  "pri": 0.0014782806458949283,
  "ama": 0.0014782806458949283,
  "rat": 0.0014782806458949283,
  "epe": 0.001455537866727314,
  "anu": 0.001455537866727314,
  "nea": 0.0014327950875596999,
  "tin": 0.0014327950875596999,
  "aţi": 0.0014100523083920855,
  "une": 0.0014100523083920855,
  "cre": 0.0014100523083920855,
  "red": 0.0014100523083920855,
  "des": 0.0014100523083920855,
  "iîn": 0.0014100523083920855,
  "spu": 0.0014100523083920855,
  "ebu": 0.0013873095292244713,
  "ulu": 0.0013873095292244713,
  "eun": 0.0013873095292244713,
  "uri": 0.0013873095292244713,
  "fos": 0.001364566750056857,
  "edi": 0.001364566750056857,
  "reb": 0.001364566750056857,
  "mul": 0.001364566750056857,
  "ute": 0.0013418239708892427,
  "par": 0.0013418239708892427,
  "ita": 0.0013418239708892427,
  "eni": 0.0013190811917216283,
  "ori": 0.0013190811917216283,
  "num": 0.0013190811917216283,
  "tra": 0.0013190811917216283,
  "nde": 0.0013190811917216283,
  "eva": 0.0013190811917216283,
  "nul": 0.0013190811917216283,
  "sti": 0.0013190811917216283,
  "ice": 0.0012963384125540141,
  "isă": 0.0012963384125540141,
  "cea": 0.0012963384125540141,
  "era": 0.0012963384125540141,
  "ela": 0.0012735956333863997,
  "esă": 0.0012735956333863997,
  "ema": 0.0012735956333863997,
  "ata": 0.0012735956333863997,
  "pro": 0.0012735956333863997,
  "ată": 0.0012508528542187855,
  "eşt": 0.0012508528542187855,
  "vre": 0.0012508528542187855,
  "pun": 0.0012508528542187855,
  "imi": 0.0012281100750511711,
  "ist": 0.0012281100750511711,
  "dar": 0.0012281100750511711,
  "nic": 0.001205367295883557,
  "asă": 0.001205367295883557,
  "icu": 0.001205367295883557,
  "eme": 0.001205367295883557,
  "ult": 0.001205367295883557,
  "bin": 0.0011826245167159428,
  "nca": 0.0011826245167159428,
  "bui": 0.0011826245167159428,
  "uma": 0.0011598817375483284,
  "ect": 0.0011371389583807142,
  "tem": 0.0011371389583807142,
  "cut": 0.0011371389583807142,
  "ini": 0.0011371389583807142,
  "ecu": 0.0011371389583807142,
  "ara": 0.0011371389583807142,
  "tes": 0.0011371389583807142,
  "str": 0.0011143961792130998,
  "afo": 0.0011143961792130998,
  "unu": 0.0011143961792130998,
  "ies": 0.0011143961792130998,
  "uie": 0.0011143961792130998,
  "oat": 0.0010916534000454856,
  "ina": 0.0010916534000454856,
  "voi": 0.0010689106208778712,
  "ene": 0.001046167841710257,
  "eţi": 0.001046167841710257,
  "ând": 0.001046167841710257,
  "tec": 0.001046167841710257,
  "iun": 0.0010234250625426426,
  "ula": 0.0010234250625426426,
  "rte": 0.0010234250625426426,
  "ten": 0.0010234250625426426,
  "ăîn": 0.0010006822833750284,
  "tic": 0.0010006822833750284,
  "mar": 0.0010006822833750284,
  "ted": 0.0010006822833750284,
  "rep": 0.0010006822833750284,
  "ati": 0.0010006822833750284,
  "ite": 0.0010006822833750284,
  "ima": 0.0009779395042074143,
  "tde": 0.0009779395042074143,
  "put": 0.0009779395042074143,
  "cin": 0.0009779395042074143,
  "aca": 0.0009779395042074143,
  "unc": 0.0009779395042074143,
  "ilo": 0.0009779395042074143,
  "esa": 0.0009779395042074143,
  "nim": 0.0009551967250397999,
  "cer": 0.0009551967250397999,
  "chi": 0.0009551967250397999,
  "inc": 0.0009551967250397999,
  "ăcu": 0.0009551967250397999,
  "gur": 0.0009551967250397999,
  "acă": 0.0009551967250397999,
  "lul": 0.0009551967250397999,
  "dat": 0.0009324539458721856,
  "vor": 0.0009324539458721856,
  "ale": 0.0009324539458721856,
  "imp": 0.0009324539458721856,
  "tan": 0.0009324539458721856,
  "ire": 0.0009324539458721856,
  "iam": 0.0009324539458721856,
  "rul": 0.0009324539458721856,
  "esp": 0.0009324539458721856,
  "nce": 0.0009324539458721856,
  "eau": 0.0009324539458721856,
  "ete": 0.0009097111667045713,
  "aîn": 0.0009097111667045713,
  "ănu": 0.0009097111667045713,
  "tun": 0.0009097111667045713,
  "nua": 0.0009097111667045713,
  "ume": 0.0009097111667045713,
  "pec": 0.0009097111667045713,
  "uld": 0.0009097111667045713,
  "der": 0.0009097111667045713,
  "cur": 0.0009097111667045713,
  "scu": 0.0009097111667045713,
  "ren": 0.0009097111667045713,
  "uce": 0.0009097111667045713,
  "col": 0.000886968387536957,
  "tur": 0.000886968387536957,
  "mic": 0.000886968387536957,
  "ico": 0.000886968387536957,
  "îna": 0.000886968387536957,
  "cat": 0.000886968387536957,
  "nue": 0.000886968387536957,
  "tep": 0.000886968387536957,
  "eai": 0.000886968387536957,
  "nat": 0.000886968387536957,
  "ipe": 0.000886968387536957,
  "ril": 0.000886968387536957,
  "duc": 0.000886968387536957,
  "nev": 0.0008642256083693427,
  "eco": 0.0008642256083693427,
  "ime": 0.0008642256083693427,
  "lam": 0.0008642256083693427,
  "dac": 0.0008642256083693427,
  "ord": 0.0008642256083693427,
  "aic": 0.0008642256083693427,
  "eap": 0.0008642256083693427,
  "tim": 0.0008642256083693427,
  "ran": 0.0008642256083693427,
  "bun": 0.0008414828292017285,
  "ili": 0.0008414828292017285,
  "lea": 0.0008414828292017285,
  "ape": 0.0008414828292017285,
  "ain": 0.0008414828292017285,
  "dem": 0.0008414828292017285,
  "toa": 0.0008414828292017285,
  "pla": 0.0008414828292017285,
  "pot": 0.0008414828292017285,
  "rei": 0.0008414828292017285,
  "ein": 0.0008414828292017285,
  "asa": 0.0008414828292017285,
  "orm": 0.0008414828292017285,
  "luc": 0.0008187400500341142,
  "evo": 0.0008187400500341142,
  "bil": 0.0008187400500341142,
  "com": 0.0008187400500341142,
  "tîn": 0.0008187400500341142,
  "spe": 0.0008187400500341142,
  "isi": 0.0008187400500341142,
  "ibi": 0.0008187400500341142,
  "und": 0.0008187400500341142,
  "ura": 0.0008187400500341142,
  "etr": 0.0008187400500341142,
  "rez": 0.0008187400500341142,
  "ani": 0.0007959972708664999,
  "asu": 0.0007959972708664999,
  "emi": 0.0007959972708664999,
  "rin": 0.0007959972708664999,
  "ntu": 0.0007959972708664999,
  "tri": 0.0007959972708664999,
  "esi": 0.0007959972708664999,