{
  "что": 0.004695825506957489,
  "ени": 0.0038333269444550924,
  "про": 0.0037374937708437154,
  "ост": 0.00350749415417641,
  "это": 0.0034499942500095834,
  "ать": 0.002779162034729942,
  "его": 0.002779162034729942,
  "ото": 0.0027216621305631156,
  "ого": 0.002664162226396289,
  "при": 0.0025108291486180857,
  "ест": 0.0023383294361176065,
  "ста": 0.0023191628013953312,
  "мен": 0.00228082953195078,
  "ств": 0.002242496262506229,
  "ние": 0.0020124966458389235,
  "ани": 0.001993330011116648,
  "льн": 0.001954996741672097,
  "она": 0.001954996741672097,
  "ить": 0.0018783302027829954,
  "так": 0.0018399969333384445,
  "пре": 0.001820830298616169,
  "ите": 0.0018016636638938934,
  "зна": 0.0018016636638938934,
  "ова": 0.0018016636638938934,
  "оже": 0.001782497029171618,
  "ния": 0.001782497029171618,
  "тел": 0.001744163759727067,
  "сти": 0.001744163759727067,
  "как": 0.001744163759727067,
  "ове": 0.0017058304902825162,
  "ово": 0.0016866638555602406,
  "вер": 0.0016483305861156898,
  "оне": 0.0016291639513934144,
  "сто": 0.0016291639513934144,
  "ред": 0.001609997316671139,
  "том": 0.001609997316671139,
  "енн": 0.0015908306819488634,
  "тор": 0.0015908306819488634,
  "ере": 0.0015908306819488634,
  "тся": 0.001571664047226588,
  "дел": 0.001571664047226588,
  "али": 0.0015524974125043125,
  "тот": 0.0015524974125043125,
  "жен": 0.0015524974125043125,
  "нет": 0.001533330777782037,
  "пос": 0.0015141641430597617,
  "опр": 0.0014949975083374861,
  "рос": 0.0014758308736152106,
  "етс": 0.0014566642388929353,
  "ако": 0.0014566642388929353,
  "мне": 0.0014566642388929353,
  "ина": 0.0014566642388929353,
  "они": 0.0014374976041706597,
  "под": 0.0014374976041706597,
  "пол": 0.0014374976041706597,
  "ете": 0.0014183309694483842,
  "ешь": 0.0014183309694483842,
  "ель": 0.0013991643347261089,
  "аль": 0.0013991643347261089,
  "лен": 0.0013991643347261089,
  "аст": 0.0013799977000038333,
  "нас": 0.0013799977000038333,
  "ког": 0.0013799977000038333,
  "тов": 0.0013608310652815578,
  "раз": 0.0013608310652815578,
  "ает": 0.0013608310652815578,
  "ком": 0.0013416644305592825,
  "епо": 0.0013416644305592825,
  "оль": 0.0013416644305592825,
  "гов": 0.0013416644305592825,
  "тво": 0.0013416644305592825,
  "нос": 0.001322497795837007,
  "аза": 0.001322497795837007,
  "сть": 0.001322497795837007,
  "ник": 0.001322497795837007,
  "ска": 0.0013033311611147314,
  "все": 0.001284164526392456,
  "был": 0.001284164526392456,
  "рав": 0.001284164526392456,
  "ене": 0.0012649978916701805,
  "тьс": 0.001245831256947905,
  "ско": 0.001245831256947905,
  "теб": 0.001245831256947905,
  "еня": 0.001245831256947905,
  "нов": 0.001245831256947905,
  "буд": 0.001245831256947905,
  "тон": 0.0012074979875033541,
  "оро": 0.0012074979875033541,
  "стр": 0.0012074979875033541,
  "или": 0.0011883313527810786,
  "оче": 0.0011883313527810786,
  "пер": 0.0011883313527810786,
  "опо": 0.0011883313527810786,
  "год": 0.0011883313527810786,
  "кон": 0.0011691647180588033,
  "ебе": 0.0011691647180588033,
  "апо": 0.0011499980833365277,
  "обы": 0.0011308314486142524,
  "ипр": 0.0011308314486142524,
  "ьно": 0.0011308314486142524,
  "ела": 0.0011308314486142524,
  "иче": 0.0011116648138919769,
  "осл": 0.0010924981791697013,
  "ься": 0.0010924981791697013,
  "дет": 0.0010924981791697013,
  "ных": 0.0010924981791697013,
  "ног": 0.0010924981791697013,
  "тер": 0.001073331544447426,
  "каз": 0.001073331544447426,
  "ров": 0.001073331544447426,
  "ним": 0.001073331544447426,
  "епр": 0.001073331544447426,
  "тоб": 0.001073331544447426,
  "ипо": 0.0010541649097251505,
  "ала": 0.0010541649097251505,
  "кот": 0.0010541649097251505,
  "ока": 0.0010541649097251505,
  "одн": 0.0010541649097251505,
  "мож": 0.001034998275002875,
  "ода": 0.001034998275002875,
  "пра": 0.001034998275002875,
  "ико": 0.001034998275002875,
  "ате": 0.001034998275002875,
  "нес": 0.0010158316402805996,
  "тре": 0.0010158316402805996,
  "ист": 0.0010158316402805996,
  "нно": 0.0010158316402805996,
  "аци": 0.000996665005558324,
  "ько": 0.000996665005558324,
  "вор": 0.000996665005558324,
  "отр": 0.000996665005558324,
  "ине": 0.000996665005558324,
  "гда": 0.000996665005558324,
  "ане": 0.0009774983708360485,
  "вет": 0.0009774983708360485,
  "огд": 0.0009774983708360485,
  "овы": 0.0009774983708360485,
  "ный": 0.0009774983708360485,
  "рас": 0.0009583317361137731,
  "сте": 0.0009583317361137731,
  "гос": 0.0009583317361137731,
  "ват": 0.0009583317361137731,
  "нен": 0.0009583317361137731,
  "ена": 0.0009583317361137731,
  "оди": 0.0009391651013914977,
  "нны": 0.0009391651013914977,
  "ита": 0.0009391651013914977,
  "тра": 0.0009391651013914977,
  "есл": 0.0009391651013914977,
  "сли": 0.0009391651013914977,
  "ана": 0.0009391651013914977,
  "дан": 0.0009199984666692223,
  "ера": 0.0009199984666692223,
  "ной": 0.0009199984666692223,
  "япо": 0.0009199984666692223,
  "жет": 0.0009199984666692223,
  "омо": 0.0009199984666692223,
  "род": 0.0009008318319469467,
  "ему": 0.0009008318319469467,
  "нем": 0.0009008318319469467,
  "гон": 0.0009008318319469467,
  "неп": 0.0009008318319469467,
  "чем": 0.0009008318319469467,
  "ому": 0.0008816651972246713,
  "нам": 0.0008816651972246713,
  "ори": 0.0008816651972246713,
  "ции": 0.0008816651972246713,
  "ели": 0.0008816651972246713,
  "сво": 0.0008816651972246713,
  "еск": 0.0008624985625023959,
  "иде": 0.0008624985625023959,
  "апр": 0.0008624985625023959,
  "оло": 0.0008624985625023959,
  "спо": 0.0008624985625023959,
  "ира": 0.0008624985625023959,
  "лов": 0.0008624985625023959,
  "ход": 0.0008624985625023959,
  "ран": 0.0008624985625023959,
  "оми": 0.0008433319277801203,
  "ава": 0.0008433319277801203,
  "ави": 0.0008433319277801203,
  "етн": 0.0008433319277801203,
  "ива": 0.0008433319277801203,
  "сов": 0.0008241652930578449,
  "вам": 0.0008241652930578449,
  "еде": 0.0008241652930578449,
  "дав": 0.0008241652930578449,
  "аси": 0.0008241652930578449,
  "тав": 0.0008241652930578449,
  "для": 0.0008241652930578449,
  "ами": 0.0008241652930578449,
  "ими": 0.0008241652930578449,
  "емо": 0.0008241652930578449,
  "оде": 0.0008241652930578449,
  "смо": 0.0008241652930578449,
  "сам": 0.0008049986583355695,
  "льк": 0.0008049986583355695,
  "име": 0.0008049986583355695,
  "тог": 0.0008049986583355695,
  "тва": 0.0008049986583355695,
  "око": 0.0008049986583355695,
  "дол": 0.0008049986583355695,
  "сле": 0.000785832023613294,
  "ень": 0.000785832023613294,
  "кол": 0.000785832023613294,
  "одо": 0.000785832023613294,
  "тоя": 0.000785832023613294,
  "вит": 0.000785832023613294,
  "ван": 0.000785832023613294,
  "анн": 0.000785832023613294,
  "пом": 0.000785832023613294,
  "ент": 0.000785832023613294,
  "рен": 0.000785832023613294,
  "яне": 0.000785832023613294,
  "ебя": 0.000785832023613294,
  "топ": 0.000785832023613294,
  "час": 0.0007666653888910185,
  "вал": 0.0007666653888910185,
  "лис": 0.0007666653888910185,
  "тан": 0.0007666653888910185,
  "дер": 0.0007666653888910185,
  "вед": 0.0007666653888910185,
  "чес": 0.0007666653888910185,
  "ума": 0.0007666653888910185,
  "пок": 0.0007666653888910185,
  "нап": 0.0007666653888910185,
  "ден": 0.0007474987541687431,
  "пот": 0.0007474987541687431,
  "тве": 0.0007474987541687431,
  "ета": 0.0007474987541687431,
  "тос": 0.0007474987541687431,
  "нав": 0.0007474987541687431,
  "лат": 0.0007474987541687431,
  "нев": 0.0007474987541687431,
  "ара": 0.0007474987541687431,
  "ьны": 0.0007283321194464676,
  "жно": 0.0007283321194464676,
  "има": 0.0007283321194464676,
  "есь": 0.0007283321194464676,
  "лив": 0.0007283321194464676,
  "осо": 0.0007283321194464676,
  "вид": 0.0007283321194464676,
  "оры": 0.0007283321194464676,
  "мог": 0.0007283321194464676,
  "оты": 0.0007283321194464676,
  "уме": 0.0007091654847241921,
  "луч": 0.0007091654847241921,
  "точ": 0.0007091654847241921,
  "тив": 0.0007091654847241921,
  "уда": 0.0007091654847241921,
  "ные": 0.0007091654847241921,
  "еле": 0.0007091654847241921,