{
  "เขา": 0.006332967969796615,
  "ของ": 0.005724028741931555,
  "เปน": 0.005724028741931555,
  "เรา": 0.004481792717086834,
  "พวก": 0.004116429180367799,
  "และ": 0.003945926196565583,
  "การ": 0.003653635367190354,
  "แลว": 0.0036049202289611497,
  "เธอ": 0.0035318475216173425,
  "ตอง": 0.0031664839848983073,
  "อยา": 0.003069053708439898,
  "อะไ": 0.0028498355864084762,
  "ะไร": 0.0028011204481792717,
  "วกเ": 0.0027280477408354645,
  "หรอ": 0.0027280477408354645,
  "วาม": 0.00267933260260626,
  "องเ": 0.002484472049689441,
  "เจา": 0.002411399342345634,
  "ควา": 0.002289611496772622,
  "รอง": 0.002216538789428815,
  "จาก": 0.0020460358056265983,
  "นาย": 0.001948605529168189,
  "กเข": 0.001948605529168189,
  "ไมไ": 0.0017781025453659724,
  "นเป": 0.0017537449762513701,
  "เรอ": 0.0017537449762513701,
  "าจะ": 0.0017293874071367679,
  "องค": 0.0016563146997929607,
  "จะไ": 0.0016563146997929607,
  "ยาง": 0.0016319571306783584,
  "มได": 0.001607599561563756,
  "กวา": 0.0015588844233345512,
  "นอย": 0.0015588844233345512,
  "เลย": 0.0015101692851053465,
  "นจะ": 0.0014858117159907442,
  "จรง": 0.0014858117159907442,
  "ไมเ": 0.0014614541468761417,
  "พระ": 0.0014614541468761417,
  "ประ": 0.0014614541468761417,
  "นไม": 0.0014614541468761417,
  "องก": 0.0014370965777615395,
  "งกา": 0.0013883814395323347,
  "มนเ": 0.0013883814395323347,
  "ตอน": 0.0013883814395323347,
  "ำลง": 0.0013640238704177323,
  "นแล": 0.00133966630130313,
  "บอก": 0.00133966630130313,
  "กำล": 0.0013153087321885275,
  "ทาง": 0.0013153087321885275,
  "นเธ": 0.0012665935939593228,
  "ดวย": 0.0012422360248447205,
  "ยาก": 0.0012422360248447205,
  "วาเ": 0.0012422360248447205,
  "าคณ": 0.0012422360248447205,
  "ะไม": 0.0011935208866155158,
  "เอา": 0.0011691633175009133,
  "ดวา": 0.0011691633175009133,
  "มาก": 0.0011204481792717086,
  "งเร": 0.0011204481792717086,
  "ไมม": 0.0011204481792717086,
  "กลา": 0.0011204481792717086,
  "ทาน": 0.0010960906101571063,
  "เหร": 0.0010960906101571063,
  "งนน": 0.0010960906101571063,
  "จะเ": 0.0010960906101571063,
  "นนเ": 0.0010717330410425039,
  "เวล": 0.0010717330410425039,
  "เหน": 0.0010717330410425039,
  "าไม": 0.0010717330410425039,
  "นเร": 0.0010717330410425039,
  "เพอ": 0.0010473754719279016,
  "ทำไ": 0.0010473754719279016,
  "สงท": 0.0010473754719279016,
  "องพ": 0.0010230179028132991,
  "งฉน": 0.0010230179028132991,
  "อนน": 0.0010230179028132991,
  "เธเ": 0.0010230179028132991,
  "วลา": 0.0009986603336986969,
  "ฉนเ": 0.0009986603336986969,
  "ระเ": 0.0009986603336986969,
  "ทรง": 0.0009743027645840945,
  "าขอ": 0.0009743027645840945,
  "นมา": 0.0009743027645840945,
  "นนน": 0.0009743027645840945,
  "นตอ": 0.0009743027645840945,
  "าตอ": 0.0009499451954694922,
  "นไป": 0.0009499451954694922,
  "หมอ": 0.0009499451954694922,
  "ใหเ": 0.0009499451954694922,
  "นฉน": 0.0009499451954694922,
  "อนเ": 0.0009255876263548898,
  "คดว": 0.0009255876263548898,
  "งาน": 0.0009255876263548898,
  "ออก": 0.0009255876263548898,
  "ขาเ": 0.0009255876263548898,
  "นขอ": 0.0009255876263548898,
  "าแล": 0.0009012300572402874,
  "ำไม": 0.0009012300572402874,
  "มอน": 0.0009012300572402874,
  "หนา": 0.0009012300572402874,
  "ายเ": 0.0008768724881256851,
  "นเห": 0.0008768724881256851,
  "เมอ": 0.0008768724881256851,
  "าเป": 0.0008768724881256851,
  "นได": 0.0008768724881256851,
  "ไมใ": 0.0008768724881256851,
  "งขอ": 0.0008768724881256851,
  "ราะ": 0.0008525149190110827,
  "ามน": 0.0008525149190110827,
  "ทจะ": 0.0008525149190110827,
  "เนเ": 0.0008525149190110827,
  "มใช": 0.0008525149190110827,
  "ยงไ": 0.0008525149190110827,
  "งไม": 0.0008281573498964803,
  "วาค": 0.0008281573498964803,
  "ขาไ": 0.0008281573498964803,
  "หนง": 0.0008281573498964803,
  "ตาม": 0.0008281573498964803,
  "ใคร": 0.0008281573498964803,
  "บาง": 0.0008281573498964803,
  "หลา": 0.000803799780781878,
  "ดแล": 0.000803799780781878,
  "เคย": 0.000803799780781878,
  "ธเธ": 0.000803799780781878,
  "เปล": 0.0007794422116672756,
  "านน": 0.0007794422116672756,
  "แบบ": 0.0007794422116672756,
  "ทำใ": 0.0007794422116672756,
  "ละเ": 0.0007794422116672756,
  "องน": 0.0007794422116672756,
  "างเ": 0.0007794422116672756,
  "เหม": 0.0007550846425526732,
  "ราไ": 0.0007550846425526732,
  "ำให": 0.0007550846425526732,
  "นหน": 0.0007550846425526732,
  "นอน": 0.0007550846425526732,
  "นคณ": 0.0007550846425526732,
  "ทำอ": 0.0007550846425526732,
  "ะทำ": 0.0007307270734380709,
  "ลวเ": 0.0007307270734380709,
  "องฉ": 0.0007307270734380709,
  "ไหม": 0.0007307270734380709,
  "เสย": 0.0007307270734380709,
  "ไหน": 0.0007307270734380709,
  "ลาย": 0.0007307270734380709,
  "คณไ": 0.0007307270734380709,
  "สวน": 0.0007063695043234685,
  "จะท": 0.0007063695043234685,
  "ฉนจ": 0.0007063695043234685,
  "นเข": 0.0007063695043234685,
  "รอก": 0.0007063695043234685,
  "ยใน": 0.0007063695043234685,
  "งอย": 0.0007063695043234685,
  "คณเ": 0.0007063695043234685,
  "ะฉน": 0.0007063695043234685,
  "บาน": 0.0007063695043234685,
  "สำห": 0.0007063695043234685,
  "ำหร": 0.0007063695043234685,
  "หรบ": 0.0007063695043234685,
  "ะอง": 0.0006820119352088661,
  "เทา": 0.0006820119352088661,
  "งให": 0.0006820119352088661,
  "ปนเ": 0.0006820119352088661,
  "ามา": 0.0006820119352088661,
  "กระ": 0.0006820119352088661,
  "นคอ": 0.0006820119352088661,
  "าได": 0.0006820119352088661,
  "เรย": 0.0006820119352088661,
  "ราจ": 0.0006820119352088661,
  "งเข": 0.0006820119352088661,
  "เพร": 0.0006820119352088661,
  "พรา": 0.0006820119352088661,
  "ระอ": 0.0006576543660942638,
  "ารเ": 0.0006576543660942638,
  "กอน": 0.0006576543660942638,
  "ากเ": 0.0006576543660942638,
  "ฉนไ": 0.0006576543660942638,
  "อกเ": 0.0006576543660942638,
  "อยใ": 0.0006576543660942638,
  "หนอ": 0.0006576543660942638,
  "งจะ": 0.0006576543660942638,
  "ขาก": 0.0006576543660942638,
  "ไดเ": 0.0006576543660942638,
  "สอง": 0.0006332967969796614,
  "อาจ": 0.0006332967969796614,
  "าไป": 0.0006332967969796614,
  "เดย": 0.0006332967969796614,
  "ปลา": 0.0006332967969796614,
  "ไมค": 0.0006332967969796614,
  "เหล": 0.0006332967969796614,
  "ขาจ": 0.0006332967969796614,
  "นเพ": 0.0006332967969796614,
  "ยแล": 0.0006332967969796614,
  "งคน": 0.0006332967969796614,
  "ฉนก": 0.0006332967969796614,
  "ไมร": 0.0006332967969796614,
  "รอเ": 0.0006332967969796614,
  "บรร": 0.000608939227865059,
  "ามเ": 0.000608939227865059,
  "กเจ": 0.000608939227865059,
  "โทษ": 0.000608939227865059,
  "นนา": 0.000608939227865059,
  "เอง": 0.000608939227865059,
  "งเธ": 0.000608939227865059,
  "าอย": 0.000608939227865059,
  "สาม": 0.000608939227865059,
  "นมน": 0.000608939227865059,
  "างท": 0.000608939227865059,
  "มเป": 0.000608939227865059,
  "งพว": 0.000608939227865059,
  "ไดแ": 0.000608939227865059,
  "ไปแ": 0.000608939227865059,
  "าเร": 0.000608939227865059,
  "ะตอ": 0.000608939227865059,
  "อนก": 0.000608939227865059,
  "งไง": 0.000608939227865059,
  "ครบ": 0.000608939227865059,
  "ะเจ": 0.000608939227865059,
  "ชวย": 0.000608939227865059,
  "อลล": 0.0005845816587504567,
  "าเข": 0.0005845816587504567,
  "องไ": 0.0005845816587504567,
  "านเ": 0.0005845816587504567,
  "ดยว": 0.0005845816587504567,
  "นใจ": 0.0005845816587504567,
  "กตอ": 0.0005845816587504567,
  "แทจ": 0.0005845816587504567,
  "กนเ": 0.0005845816587504567,
  "งมา": 0.0005845816587504567,
  "นวา": 0.0005845816587504567,
  "กเร": 0.0005845816587504567,
  "หลอ": 0.0005845816587504567,
  "งคณ": 0.0005845816587504567,
  "มอย": 0.0005845816587504567,
  "นทำ": 0.0005845816587504567,
  "ณไม": 0.0005845816587504567,
  "ทจร": 0.0005845816587504567,
  "องอ": 0.0005845816587504567,
  "ตาย": 0.0005845816587504567,
  "มไม": 0.0005602240896358543,
  "งพร": 0.0005602240896358543,
  "มอง": 0.0005602240896358543,
  "ชาย": 0.0005602240896358543,
  "มคว": 0.0005602240896358543,
  "หมด": 0.0005602240896358543,
  "นนอ": 0.0005602240896358543,
  "ใชเ": 0.0005602240896358543,
  "องท": 0.0005602240896358543,
  "รวา": 0.0005602240896358543,
  "ราย": 0.0005602240896358543,
  "ฉนค": 0.0005602240896358543,