{
  "yor": 0.007042759611929572,
  "bir": 0.006779255000598874,
  "lar": 0.004790992933285424,
  "eni": 0.004599353215954007,
  "ler": 0.004455623427955443,
  "eri": 0.004431668463289016,
  "iyo": 0.0039046592406276203,
  "ama": 0.0035932446999640674,
  "aya": 0.0034255599472990776,
  "ada": 0.003305785123966942,
  "ben": 0.0031860103006348065,
  "ini": 0.0031381003713019523,
  "arı": 0.003042280512636244,
  "bil": 0.0029943705833033896,
  "oru": 0.0029943705833033896,
  "nda": 0.0029464606539705354,
  "ara": 0.002874595759971254,
  "sin": 0.002850640795304827,
  "ede": 0.002850640795304827,
  "ece": 0.002850640795304827,
  "nde": 0.0027787759013055456,
  "sen": 0.0027308659719726914,
  "eği": 0.0027069110073062643,
  "ayı": 0.0027069110073062643,
  "den": 0.00265900107797341,
  "anı": 0.00265900107797341,
  "ili": 0.002611091148640556,
  "ile": 0.0025871361839741288,
  "nla": 0.0025152712899748474,
  "sun": 0.0023475865373098577,
  "abi": 0.0023236315726434306,
  "unu": 0.0022757216433105763,
  "ana": 0.0022757216433105763,
  "ını": 0.0022278117139777217,
  "edi": 0.0022038567493112946,
  "eki": 0.002084081925979159,
  "rum": 0.002084081925979159,
  "yle": 0.002036171996646305,
  "ind": 0.0019882620673134506,
  "end": 0.0019163971733141695,
  "ıyo": 0.0019163971733141695,
  "eli": 0.0018924422086477424,
  "sın": 0.0018924422086477424,
  "ere": 0.001868487243981315,
  "ibi": 0.001868487243981315,
  "ası": 0.0018205773146484608,
  "içi": 0.0018205773146484608,
  "nbi": 0.0018205773146484608,
  "tan": 0.0017966223499820337,
  "yap": 0.0017966223499820337,
  "ard": 0.0017966223499820337,
  "aca": 0.0017726673853156066,
  "rin": 0.0017487124206491795,
  "dan": 0.0017487124206491795,
  "lma": 0.0017247574559827524,
  "imi": 0.0017247574559827524,
  "alı": 0.0017247574559827524,
  "adı": 0.0017008024913163253,
  "mam": 0.0016768475266498981,
  "çin": 0.001652892561983471,
  "san": 0.001652892561983471,
  "lan": 0.001652892561983471,
  "öyl": 0.001628937597317044,
  "kad": 0.0016049826326506168,
  "ebi": 0.0016049826326506168,
  "değ": 0.0016049826326506168,
  "aba": 0.0016049826326506168,
  "man": 0.0015810276679841897,
  "iri": 0.0015810276679841897,
  "şey": 0.0015570727033177626,
  "emi": 0.0015570727033177626,
  "ors": 0.0015570727033177626,
  "ınd": 0.0015331177386513355,
  "aha": 0.0015331177386513355,
  "ist": 0.0015331177386513355,
  "ala": 0.0015091627739849084,
  "old": 0.0015091627739849084,
  "ola": 0.0015091627739849084,
  "esi": 0.0014852078093184813,
  "ldu": 0.0014612528446520542,
  "var": 0.0014612528446520542,
  "onu": 0.001437297879985627,
  "hay": 0.001437297879985627,
  "ine": 0.0014133429153192,
  "ndi": 0.0014133429153192,
  "aka": 0.0014133429153192,
  "liy": 0.0014133429153192,
  "ğil": 0.0014133429153192,
  "amı": 0.0013893879506527728,
  "kar": 0.0013893879506527728,
  "eme": 0.0013654329859863457,
  "iyi": 0.0013654329859863457,
  "mek": 0.0013654329859863457,
  "anl": 0.0013654329859863457,
  "bun": 0.0013414780213199186,
  "may": 0.0013414780213199186,
  "çok": 0.0013414780213199186,
  "ığı": 0.0013175230566534915,
  "ark": 0.0013175230566534915,
  "ağı": 0.0013175230566534915,
  "eye": 0.0013175230566534915,
  "nin": 0.0012935680919870644,
  "ele": 0.0012935680919870644,
  "gel": 0.0012935680919870644,
  "tme": 0.0012696131273206373,
  "and": 0.0012696131273206373,
  "rsu": 0.0012696131273206373,
  "ger": 0.0012696131273206373,
  "cek": 0.0012456581626542102,
  "ene": 0.0012456581626542102,
  "gör": 0.0012456581626542102,
  "kal": 0.001221703197987783,
  "mak": 0.001221703197987783,
  "ura": 0.001221703197987783,
  "rad": 0.001221703197987783,
  "rşe": 0.001197748233321356,
  "eyi": 0.001197748233321356,
  "ğın": 0.001197748233321356,
  "niz": 0.001197748233321356,
  "ide": 0.001197748233321356,
  "eya": 0.001197748233321356,
  "iye": 0.001197748233321356,
  "ste": 0.001197748233321356,
  "lir": 0.0011737932686549288,
  "rdi": 0.0011737932686549288,
  "uğu": 0.0011737932686549288,
  "imd": 0.0011737932686549288,
  "olm": 0.0011498383039885017,
  "kle": 0.0011498383039885017,
  "dar": 0.0011498383039885017,
  "ver": 0.0011498383039885017,
  "rim": 0.0011498383039885017,
  "der": 0.0011258833393220744,
  "dah": 0.0011258833393220744,
  "yok": 0.0011258833393220744,
  "iği": 0.0011258833393220744,
  "yar": 0.0011258833393220744,
  "dım": 0.0011258833393220744,
  "rme": 0.0011258833393220744,
  "enb": 0.0011258833393220744,
  "kim": 0.0011019283746556473,
  "ird": 0.0011019283746556473,
  "din": 0.0011019283746556473,
  "eka": 0.0011019283746556473,
  "rın": 0.0011019283746556473,
  "ken": 0.0011019283746556473,
  "inb": 0.0011019283746556473,
  "aki": 0.0011019283746556473,
  "her": 0.0011019283746556473,
  "kla": 0.0011019283746556473,
  "isi": 0.0010779734099892202,
  "cak": 0.0010779734099892202,
  "rak": 0.001054018445322793,
  "ata": 0.001054018445322793,
  "ade": 0.001054018445322793,
  "yan": 0.001054018445322793,
  "ına": 0.001054018445322793,
  "nya": 0.001054018445322793,
  "irş": 0.001030063480656366,
  "ira": 0.001030063480656366,
  "rdu": 0.001030063480656366,
  "diy": 0.0010061085159899388,
  "duğ": 0.0010061085159899388,
  "usu": 0.0010061085159899388,
  "lam": 0.0010061085159899388,
  "rdı": 0.0010061085159899388,
  "dec": 0.0010061085159899388,
  "ned": 0.0009821535513235117,
  "ıra": 0.0009821535513235117,
  "rde": 0.0009821535513235117,
  "irs": 0.0009821535513235117,
  "lay": 0.0009821535513235117,
  "iya": 0.0009821535513235117,
  "und": 0.0009821535513235117,
  "ban": 0.0009821535513235117,
  "nın": 0.0009821535513235117,
  "rha": 0.0009821535513235117,
  "ims": 0.0009821535513235117,
  "lik": 0.0009821535513235117,
  "dim": 0.0009581985866570847,
  "kis": 0.0009581985866570847,
  "etm": 0.0009581985866570847,
  "rka": 0.0009581985866570847,
  "lla": 0.0009581985866570847,
  "olu": 0.0009581985866570847,
  "bur": 0.0009581985866570847,
  "orm": 0.0009581985866570847,
  "baş": 0.0009342436219906575,
  "akt": 0.0009342436219906575,
  "miy": 0.0009342436219906575,
  "par": 0.0009342436219906575,
  "rla": 0.0009342436219906575,
  "len": 0.0009342436219906575,
  "rmu": 0.0009342436219906575,
  "ter": 0.0009342436219906575,
  "nne": 0.0009342436219906575,
  "ane": 0.0009102886573242304,
  "nse": 0.0009102886573242304,
  "tir": 0.0009102886573242304,
  "eol": 0.0009102886573242304,
  "eti": 0.0009102886573242304,
  "nız": 0.0009102886573242304,
  "yır": 0.0009102886573242304,
  "rab": 0.0009102886573242304,
  "nun": 0.0008863336926578033,
  "rım": 0.0008863336926578033,
  "diğ": 0.0008863336926578033,
  "ğun": 0.0008863336926578033,
  "ilm": 0.0008863336926578033,
  "rke": 0.0008863336926578033,
  "şim": 0.0008863336926578033,
  "ord": 0.0008863336926578033,
  "tiy": 0.0008863336926578033,
  "rsa": 0.0008863336926578033,
  "nim": 0.0008863336926578033,
  "atı": 0.0008863336926578033,
  "rle": 0.0008863336926578033,
  "lem": 0.0008863336926578033,
  "dab": 0.0008623787279913762,
  "nsa": 0.0008623787279913762,
  "ğim": 0.0008623787279913762,
  "miş": 0.0008623787279913762,
  "mse": 0.0008623787279913762,
  "med": 0.0008623787279913762,
  "ika": 0.0008623787279913762,
  "ebe": 0.0008623787279913762,
  "mad": 0.0008623787279913762,
  "rma": 0.0008623787279913762,
  "siz": 0.0008623787279913762,
  "söy": 0.0008384237633249491,
  "son": 0.0008384237633249491,
  "ekl": 0.0008384237633249491,
  "ünü": 0.0008384237633249491,
  "nbu": 0.0008384237633249491,
  "tam": 0.0008384237633249491,
  "erk": 0.0008384237633249491,
  "pek": 0.000814468798658522,
  "yim": 0.000814468798658522,
  "ans": 0.000814468798658522,
  "nha": 0.000814468798658522,
  "all": 0.000814468798658522,
  "ğin": 0.000814468798658522,
  "ins": 0.000814468798658522,
  "niy": 0.000814468798658522,
  "maz": 0.000814468798658522,
  "rbi": 0.000814468798658522,
  "nge": 0.000814468798658522,
  "ıma": 0.000814468798658522,
  "rda": 0.000814468798658522,
  "ney": 0.000814468798658522,
  "mis": 0.000814468798658522,
  "rbu": 0.000814468798658522,