{
  "اور": 0.014681335907223828,
  "ہیں": 0.010726156436419583,
  "میں": 0.00674920533550082,
  "ےاو": 0.0052759916977517165,
  "یںا": 0.0046809004746215365,
  "ورا": 0.004325297182751063,
  "اہے": 0.004289011132560199,
  "انک": 0.004136609721758567,
  "نہی": 0.004071294831415011,
  "ہےا": 0.003860835740307996,
  "ےہی": 0.0038245496901171314,
  "وںک": 0.0036939199094300186,
  "الل": 0.0032367156770251246,
  "تےہ": 0.003171400786681568,
  "وال": 0.0031496291565670494,
  "ںاو": 0.0031423719465288763,
  "مان": 0.0031278575264525304,
  "کیا": 0.003106085896338012,
  "اسک": 0.0030262565859181098,
  "تمہ": 0.0028883695951928243,
  "اپن": 0.002699682134200328,
  "لوگ": 0.002692424924162155,
  "للہ": 0.0026561388739712905,
  "انہ": 0.002612595613742253,
  "ےکہ": 0.00248196583305514,
  "بھی": 0.002416650942711584,
  "کہا": 0.0022932783720626443,
  "نکے": 0.0021699058014137047,
  "تاہ": 0.0021699058014137047,
  "ائی": 0.002140876961261013,
  "ےوا": 0.002126362541184667,
  "نےو": 0.002090076490993802,
  "ااو": 0.0020320188106884188,
  "یںک": 0.0019667039203448626,
  "ںکو": 0.0019086462400394791,
  "کرت": 0.0018796173998867876,
  "راس": 0.0018723601898486147,
  "ائے": 0.0018723601898486147,
  "پنے": 0.001843331349695923,
  "منے": 0.0018070452995050583,
  "ران": 0.0017635020392760207,
  "ہار": 0.001741730409161502,
  "ارے": 0.001734473199123329,
  "ںگے": 0.001727215989085156,
  "یںگ": 0.0016981871489324643,
  "ہوں": 0.0016909299388942914,
  "ےہو": 0.0016909299388942914,
  "مہا": 0.0016909299388942914,
  "ںسے": 0.001647386678665254,
  "پھر": 0.0016038434184362164,
  "کےل": 0.0016038434184362164,
  "نےا": 0.0015965862083980435,
  "خدا": 0.0015965862083980435,
  "نےک": 0.0015748145782835247,
  "رتے": 0.0015748145782835247,
  "یںہ": 0.001553042948169006,
  "سکے": 0.00153852852809266,
  "وئی": 0.00153852852809266,
  "ورج": 0.0015312713180544871,
  "اکہ": 0.0015240141080163142,
  "ہمن": 0.0014804708477872766,
  "یطر": 0.0014804708477872766,
  "ےگا": 0.0014804708477872766,
  "یںس": 0.0014732136377491037,
  "یاا": 0.0014586992176727578,
  "ےان": 0.0014369275875582392,
  "توا": 0.0014296703775200663,
  "ےاس": 0.0014151559574437204,
  "رتم": 0.0014078987474055475,
  "ہما": 0.0014078987474055475,
  "یما": 0.0013933843273292016,
  "ےتو": 0.0013933843273292016,
  "الا": 0.0013716126972146828,
  "یہے": 0.0013716126972146828,
  "وگو": 0.001342583857061991,
  "روہ": 0.001342583857061991,
  "کرو": 0.001342583857061991,
  "ایک": 0.0013353266470238182,
  "یاہ": 0.0013135550169092994,
  "کوئ": 0.0012917833867947806,
  "رہے": 0.0012845261767566076,
  "جائ": 0.0012845261767566076,
  "اگر": 0.0012772689667184347,
  "یاو": 0.0012772689667184347,
  "مہی": 0.0012700117566802618,
  "لئے": 0.0012700117566802618,
  "یںت": 0.0012627545466420888,
  "اری": 0.001255497336603916,
  "اتھ": 0.0012337257064893971,
  "ےجو": 0.0012192112864130515,
  "واو": 0.0012192112864130515,
  "یںج": 0.0012119540763748785,
  "رما": 0.0012046968663367056,
  "اکر": 0.0011901824462603597,
  "کےس": 0.0011829252362221868,
  "لہک": 0.0011829252362221868,
  "ورت": 0.0011756680261840139,
  "دیا": 0.0011756680261840139,
  "رکر": 0.0011756680261840139,
  "کرن": 0.001168410816145841,
  "ہوا": 0.001168410816145841,
  "طرف": 0.001161153606107668,
  "کرد": 0.001161153606107668,
  "فرم": 0.0011466391860313222,
  "ہےک": 0.0011393819759931492,
  "ہےج": 0.0011393819759931492,
  "گوں": 0.0011321247659549763,
  "جوا": 0.0011321247659549763,
  "داک": 0.0011248675559168034,
  "نکی": 0.0011248675559168034,
  "ہتم": 0.0011176103458786304,
  "ہمی": 0.0011176103458786304,
  "مار": 0.0011176103458786304,
  "ایم": 0.0011103531358404575,
  "کہت": 0.0011030959258022846,
  "وںن": 0.0011030959258022846,
  "انل": 0.0011030959258022846,
  "ںنے": 0.0010958387157641116,
  "سکی": 0.0010885815057259387,
  "ںمی": 0.0010885815057259387,
  "جان": 0.0010813242956877658,
  "وان": 0.0010813242956877658,
  "سےا": 0.0010813242956877658,
  "تھے": 0.0010740670856495928,
  "ںکے": 0.0010740670856495928,
  "وہا": 0.0010740670856495928,
  "یںب": 0.0010740670856495928,
  "کےب": 0.001059552665573247,
  "روں": 0.001052295455535074,
  "وںم": 0.001045038245496901,
  "ئیں": 0.0010377810354587282,
  "ارک": 0.0010232666153823823,
  "کیط": 0.0010160094053442094,
  "کوا": 0.0010160094053442094,
  "ےلئ": 0.0010160094053442094,
  "ورو": 0.0010160094053442094,
  "ےپا": 0.0010087521953060364,
  "نمی": 0.0010087521953060364,
  "دیک": 0.0010087521953060364,
  "رنے": 0.0010014949852678635,
  "رکھ": 0.0009942377752296908,
  "ہان": 0.0009942377752296908,
  "نوں": 0.0009869805651915179,
  "الی": 0.000979723355153345,
  "واس": 0.000979723355153345,
  "انی": 0.0009724661451151719,
  "انس": 0.0009724661451151719,
  "کےپ": 0.000965208935076999,
  "سےک": 0.000957951725038826,
  "ےلی": 0.000957951725038826,
  "سےب": 0.0009506945150006531,
  "اہو": 0.0009506945150006531,
  "ورد": 0.0009434373049624803,
  "لوں": 0.0009434373049624803,
  "میر": 0.0009361800949243073,
  "پاس": 0.0009361800949243073,
  "اسے": 0.0009361800949243073,
  "یکی": 0.0009361800949243073,
  "اکی": 0.0009361800949243073,
  "مین": 0.0009361800949243073,
  "کچھ": 0.0009289228848861344,
  "ورہ": 0.0009216656748479615,
  "ہوگ": 0.0009216656748479615,
  "انے": 0.0009216656748479615,
  "ںکہ": 0.0009216656748479615,
  "بنا": 0.0009144084648097885,
  "بات": 0.0009144084648097885,
  "رہم": 0.0009144084648097885,
  "نہو": 0.0009071512547716156,
  "الے": 0.0009071512547716156,
  "انو": 0.0009071512547716156,
  "کہو": 0.0009071512547716156,
  "کام": 0.0008998940447334427,
  "لیے": 0.0008998940447334427,
  "کھا": 0.0008998940447334427,
  "یسے": 0.0008926368346952698,
  "گار": 0.0008926368346952698,
  "رکی": 0.0008926368346952698,
  "وںا": 0.0008853796246570968,
  "یکھ": 0.0008853796246570968,
  "وہم": 0.0008853796246570968,
  "یات": 0.0008853796246570968,
  "چاہ": 0.0008853796246570968,
  "ارا": 0.0008853796246570968,
  "ںکی": 0.0008781224146189239,
  "ئےا": 0.0008781224146189239,
  "یان": 0.0008781224146189239,
  "نکو": 0.000870865204580751,
  "گاا": 0.000870865204580751,
  "ےکی": 0.000870865204580751,
  "ردی": 0.000870865204580751,
  "ایا": 0.000863607994542578,
  "اتا": 0.000863607994542578,
  "یہو": 0.0008563507845044051,
  "ہاس": 0.0008563507845044051,
  "یہی": 0.0008563507845044051,
  "نسے": 0.0008563507845044051,
  "ادی": 0.0008563507845044051,
  "تما": 0.0008418363644280592,
  "نکا": 0.0008345791543898863,
  "انا": 0.0008273219443517135,
  "ہکر": 0.0008273219443517135,
  "بہت": 0.0008200647343135405,
  "الو": 0.0008200647343135405,
  "کہہ": 0.0008128075242753676,
  "عذا": 0.0008128075242753676,
  "ذاب": 0.0008128075242753676,
  "زمی": 0.0008128075242753676,
  "دیت": 0.0008055503142371947,
  "ےسا": 0.0008055503142371947,
  "تھا": 0.0008055503142371947,
  "راہ": 0.0008055503142371947,
  "یںپ": 0.0008055503142371947,
  "وتم": 0.0008055503142371947,
  "ورک": 0.0008055503142371947,
  "انت": 0.0007982931041990217,
  "گےا": 0.0007837786841226759,
  "ئےہ": 0.0007837786841226759,
  "مال": 0.0007837786841226759,
  "اتو": 0.000776521474084503,
  "ورن": 0.000776521474084503,
  "ورب": 0.000776521474084503,
  "ئےگ": 0.00076926426404633,
  "اان": 0.00076926426404633,
  "کار": 0.00076926426404633,
  "رور": 0.00076926426404633,
  "ےتم": 0.00076926426404633,
  "ہوج": 0.00076926426404633,
  "ےتھ": 0.0007620070540081571,
  "گیا": 0.0007620070540081571,
  "ہیہ": 0.0007620070540081571,
  "ہوہ": 0.0007620070540081571,
  "نیا": 0.0007620070540081571,
  "ےرب": 0.0007620070540081571,
  "ےوہ": 0.0007620070540081571,
  "سےپ": 0.0007547498439699842,
  "ایس": 0.0007474926339318112,
  "رجو": 0.0007402354238936383,
  "رنہ": 0.0007402354238936383,
  "یوں": 0.0007402354238936383,
  "پرا": 0.0007329782138554654,
  "ورم": 0.0007329782138554654,
  "ےہم": 0.0007329782138554654,
  "یاک": 0.0007257210038172924,
  "ےپھ": 0.0007257210038172924,
  "وگا": 0.0007257210038172924,
  "مجھ": 0.0007257210038172924,
  "افر": 0.0007257210038172924,
  "ریہ": 0.0007257210038172924,
  "وکہ": 0.0007184637937791196,
  "رای": 0.0007184637937791196,
  "یہا": 0.0007184637937791196,