{
  "ông": 0.010992167101827677,
  "tôi": 0.008616187989556136,
  "hôn": 0.008381201044386423,
  "khô": 0.00793733681462141,
  "ngt": 0.007493472584856397,
  "anh": 0.006684073107049608,
  "ngc": 0.005195822454308094,
  "ngn": 0.003864229765013055,
  "úng": 0.003524804177545692,
  "chú": 0.0034986945169712793,
  "ngh": 0.003342036553524804,
  "làm": 0.0031070496083550913,
  "một": 0.0028720626631853785,
  "hún": 0.002845953002610966,
  "của": 0.0028198433420365534,
  "như": 0.0027676240208877284,
  "ngđ": 0.002741514360313316,
  "ich": 0.0027154046997389034,
  "ược": 0.0026109660574412533,
  "con": 0.0025587467362924283,
  "đượ": 0.0025065274151436032,
  "iết": 0.0025065274151436032,
  "này": 0.0025065274151436032,
  "ang": 0.002454308093994778,
  "hải": 0.002454308093994778,
  "phả": 0.0023759791122715404,
  "ngư": 0.002349869451697128,
  "rồi": 0.002349869451697128,
  "ngl": 0.0022715404699738904,
  "ười": 0.0022193211488250653,
  "cho": 0.0022193211488250653,
  "ikh": 0.0021932114882506526,
  "ong": 0.0021409921671018276,
  "đây": 0.0020887728459530026,
  "gta": 0.0020626631853785903,
  "gườ": 0.0020626631853785903,
  "inh": 0.0020626631853785903,
  "biế": 0.0020626631853785903,
  "óth": 0.0019843342036553525,
  "nói": 0.0019582245430809398,
  "cót": 0.0019321148825065275,
  "nth": 0.001906005221932115,
  "ith": 0.001906005221932115,
  "thể": 0.001906005221932115,
  "nhc": 0.0018798955613577024,
  "nht": 0.0018015665796344647,
  "ình": 0.0017754569190600521,
  "ngk": 0.0017754569190600521,
  "ôiđ": 0.0017754569190600521,
  "uốn": 0.0017232375979112271,
  "gtô": 0.0016971279373368146,
  "vậy": 0.0016971279373368146,
  "chu": 0.0016449086161879896,
  "thế": 0.0016449086161879896,
  "ống": 0.0016449086161879896,
  "nch": 0.001618798955613577,
  "sao": 0.001618798955613577,
  "ing": 0.0015926892950391645,
  "cậu": 0.0015926892950391645,
  "gth": 0.0015404699738903395,
  "ôic": 0.0015404699738903395,
  "với": 0.001514360313315927,
  "lại": 0.001514360313315927,
  "gch": 0.0014882506527415143,
  "huy": 0.0014099216710182767,
  "thư": 0.0014099216710182767,
  "ngb": 0.0014099216710182767,
  "gcó": 0.0013838120104438642,
  "gkh": 0.0013838120104438642,
  "iên": 0.0013838120104438642,
  "ngm": 0.0013577023498694517,
  "nhđ": 0.0013315926892950392,
  "đan": 0.0013315926892950392,
  "khi": 0.0013315926892950392,
  "cái": 0.0013315926892950392,
  "ron": 0.0013054830287206266,
  "itô": 0.0013054830287206266,
  "gnh": 0.0013054830287206266,
  "thô": 0.0013054830287206266,
  "đâu": 0.0013054830287206266,
  "muố": 0.0012793733681462141,
  "tro": 0.0012793733681462141,
  "hấy": 0.0012793733681462141,
  "uyệ": 0.0012532637075718016,
  "nhữ": 0.001227154046997389,
  "hữn": 0.001227154046997389,
  "ững": 0.001227154046997389,
  "ngv": 0.001227154046997389,
  "iều": 0.0012010443864229766,
  "ilà": 0.0012010443864229766,
  "hết": 0.0012010443864229766,
  "ghĩ": 0.001174934725848564,
  "ừng": 0.001174934725848564,
  "các": 0.001174934725848564,
  "ưng": 0.0011227154046997388,
  "hưa": 0.0011227154046997388,
  "nhn": 0.0010966057441253263,
  "ôin": 0.0010966057441253263,
  "àng": 0.0010966057441253263,
  "hưn": 0.0010966057441253263,
  "hôi": 0.0010966057441253263,
  "nào": 0.0010966057441253263,
  "ngs": 0.0010966057441253263,
  "nga": 0.0010704960835509138,
  "thấ": 0.0010704960835509138,
  "chỉ": 0.0010443864229765013,
  "hắn": 0.0010443864229765013,
  "còn": 0.0010182767624020888,
  "ych": 0.0010182767624020888,
  "inà": 0.0010182767624020888,
  "thì": 0.0010182767624020888,
  "việ": 0.0010182767624020888,
  "ngo": 0.0009921671018276762,
  "làc": 0.0009921671018276762,
  "yện": 0.0009921671018276762,
  "mìn": 0.0009660574412532637,
  "ành": 0.0009660574412532637,
  "nhi": 0.0009660574412532637,
  "glà": 0.0009660574412532637,
  "iến": 0.0009660574412532637,
  "ngg": 0.0009660574412532637,
  "ylà": 0.0009399477806788512,
  "ôik": 0.0009399477806788512,
  "hân": 0.0009399477806788512,
  "hàn": 0.0009399477806788512,
  "ằng": 0.0009399477806788512,
  "iệc": 0.0009399477806788512,
  "ước": 0.0009399477806788512,
  "oàn": 0.0009138381201044386,
  "đấy": 0.0009138381201044386,
  "ởđâ": 0.0009138381201044386,
  "akh": 0.0009138381201044386,
  "nnh": 0.0009138381201044386,
  "cũn": 0.0009138381201044386,
  "ũng": 0.0009138381201044386,
  "iđã": 0.0009138381201044386,
  "qua": 0.0009138381201044386,
  "ngà": 0.0009138381201044386,
  "ian": 0.0009138381201044386,
  "nhà": 0.0008877284595300261,
  "tch": 0.0008877284595300261,
  "cần": 0.0008877284595300261,
  "ach": 0.0008877284595300261,
  "gng": 0.0008877284595300261,
  "chi": 0.0008877284595300261,
  "tth": 0.0008877284595300261,
  "ính": 0.0008616187989556136,
  "tra": 0.0008616187989556136,
  "trư": 0.0008616187989556136,
  "hiế": 0.0008616187989556136,
  "chứ": 0.0008616187989556136,
  "tnh": 0.000835509138381201,
  "nkh": 0.000835509138381201,
  "đến": 0.0008093994778067885,
  "ath": 0.0008093994778067885,
  "xin": 0.0008093994778067885,
  "ờng": 0.0008093994778067885,
  "cch": 0.0008093994778067885,
  "côn": 0.0008093994778067885,
  "och": 0.0008093994778067885,
  "ôit": 0.0008093994778067885,
  "hth": 0.000783289817232376,
  "ách": 0.000783289817232376,
  "ngp": 0.000783289817232376,
  "gph": 0.000783289817232376,
  "tìm": 0.000783289817232376,
  "ườn": 0.000783289817232376,
  "àch": 0.000783289817232376,
  "itr": 0.000783289817232376,
  "vào": 0.0007571801566579635,
  "côấ": 0.0007571801566579635,
  "ôấy": 0.0007571801566579635,
  "yth": 0.0007571801566579635,
  "ólà": 0.0007571801566579635,
  "hật": 0.0007571801566579635,
  "ích": 0.0007571801566579635,
  "ung": 0.0007571801566579635,
  "nha": 0.0007571801566579635,
  "mth": 0.0007571801566579635,
  "nng": 0.0007310704960835509,
  "hay": 0.0007310704960835509,
  "ánh": 0.0007310704960835509,
  "chư": 0.0007310704960835509,
  "nhb": 0.0007310704960835509,
  "đãt": 0.0007310704960835509,
  "thậ": 0.0007310704960835509,
  "ykh": 0.0007310704960835509,
  "thứ": 0.0007310704960835509,
  "điề": 0.0007049608355091384,
  "isẽ": 0.0007049608355091384,
  "tới": 0.0007049608355091384,
  "nhl": 0.0007049608355091384,
  "tin": 0.0007049608355091384,
  "nlà": 0.0007049608355091384,
  "iđi": 0.0007049608355091384,
  "ộtc": 0.0007049608355091384,
  "chế": 0.0007049608355091384,
  "khá": 0.0007049608355091384,
  "tao": 0.0007049608355091384,
  "ớic": 0.0006788511749347258,
  "hiê": 0.0006788511749347258,
  "óng": 0.0006788511749347258,
  "aoc": 0.0006788511749347258,
  "igì": 0.0006788511749347258,
  "ếtc": 0.0006788511749347258,
  "tiế": 0.0006788511749347258,
  "uan": 0.0006788511749347258,
  "lên": 0.0006788511749347258,
  "ếtt": 0.0006788511749347258,
  "ấtc": 0.0006788511749347258,
  "nhấ": 0.0006788511749347258,
  "ênđ": 0.0006527415143603133,
  "ôis": 0.0006527415143603133,
  "tac": 0.0006527415143603133,
  "chá": 0.0006527415143603133,
  "ùng": 0.0006527415143603133,
  "atô": 0.0006527415143603133,
  "ntr": 0.0006527415143603133,
  "ckh": 0.0006527415143603133,
  "đól": 0.0006527415143603133,
  "thi": 0.0006266318537859008,
  "iđư": 0.0006266318537859008,
  "óch": 0.0006266318537859008,
  "òng": 0.0006266318537859008,
  "han": 0.0006266318537859008,
  "àyc": 0.0006266318537859008,
  "rất": 0.0006266318537859008,
  "nữa": 0.0006266318537859008,
  "sốn": 0.0006266318537859008,
  "nhm": 0.0006266318537859008,
  "ôim": 0.0006266318537859008,
  "nếu": 0.0006266318537859008,
  "ran": 0.0006266318537859008,
  "nên": 0.0006005221932114883,
  "mch": 0.0006005221932114883,
  "ởng": 0.0006005221932114883,
  "hìn": 0.0006005221932114883,
  "icó": 0.0006005221932114883,
  "iện": 0.0006005221932114883,
  "ênt": 0.0006005221932114883,
  "ấyc": 0.0006005221932114883,
  "hến": 0.0006005221932114883,
  "ntô": 0.0006005221932114883,
  "onh": 0.0006005221932114883,
  "otô": 0.0006005221932114883,
  "tađ": 0.0006005221932114883,
  "ngì": 0.0006005221932114883,
  "nhk": 0.0005744125326370757,
  "hta": 0.0005744125326370757,
  "đún": 0.0005744125326370757,
  "tng": 0.0005744125326370757,